material_number,category_code,effective_date
00100004,EQ-AHU,2019-08-26
00100013,EQ-HTP,2023-10-05
00100015,SP-LIN,2021-06-24
00100018,SP-REF,2022-06-17
00100026,SP-FLT,2019-09-15
00100035,SP-LIN,2021-09-26
00100035,PT-CAP,2022-05-04
00100035,SP-LIN,2022-05-31
00100036,SP-LIN,2022-04-15
00100044,SP-LIN,2019-10-27
00100046,SP-REF,2019-11-14
00100054,SP-REF,2024-02-12
00100058,EQ-FUR,2023-12-31
00100063,EQ-FUR,2024-06-17
00100067,CT-TST,2020-04-24
00100068,EQ-CND,2024-07-26
00100069,PT-ELEC,2021-08-08
00100069,PT-CON,2023-02-21
00100071,EQUIP-OUT,2020-08-19
00100071,EQ-HTP,2022-11-19
00100073,SP-REF,2019-08-10
00100076,CT-SEN,2023-06-29
00100081,EQ-CND,2019-10-16
00100089,EQ-HTP,2023-01-31
00100091,EQ-FUR,2020-08-13
00100095,CT-TST,2021-04-20
00100095,PT-CON,2022-01-12
00100095,CT-TST,2022-02-17
00100100,PT-ELEC,2021-12-05
00100100,PT-CAP,2022-08-14
00100102,PT-ELEC,2021-03-10
00100102,PT-CAP,2023-02-01
00100106,EQUIP-OUT,2019-04-29
00100106,EQ-HTP,2022-12-05
00100111,CT-SEN,2024-01-06
00100113,EQ-HTP,2022-11-10
00100116,SP-FLT,2023-11-13
00100123,EQ-AHU,2020-08-21
00100124,SP-LIN,2019-03-29
00100128,CT-SEN,2021-03-08
00100131,EQ-HTP,2022-08-28
00100132,SP-REF,2023-09-19
00100133,SP-REF,2020-09-05
00100134,EQ-AHU,2024-05-30
00100135,CT-SEN,2020-02-05
00100135,CT-SEN,2022-04-01
00100136,PT-CMP,2024-09-01
00100140,SP-REF,2024-09-10
00100146,CT-TST,2020-05-13
00100149,PT-CMP,2022-05-25
00100151,PT-ELEC,2019-03-21
00100151,PT-CON,2023-05-05
00100152,SP-REF,2022-04-25
00100154,EQ-FUR,2021-01-13
00100160,CT-SEN,2024-07-18
00100164,PT-CAP,2019-03-10
00100172,EQ-FUR,2024-02-02
00100177,PT-ELEC,2020-03-24
00100177,PT-CAP,2022-07-19
00100177,PT-CMP,2021-02-06
00100177,PT-CAP,2021-04-04
00100179,PT-MTR,2021-04-23
00100183,EQUIP-OUT,2021-10-03
00100183,EQ-CND,2022-03-04
00100185,EQ-FUR,2022-06-14
00100194,EQ-HTP,2022-11-24
00100202,EQ-AHU,2019-12-13
00100205,PT-ELEC,2021-01-29
00100205,PT-CON,2023-01-16
00100211,PT-MTR,2022-08-18
00100213,EQUIP-OUT,2019-12-10
00100213,EQ-CND,2022-10-25
00100218,PT-MTR,2020-01-08
00100220,EQ-FUR,2021-08-11
00100226,CT-SEN,2023-01-17
00100235,PT-CON,2024-06-27
00100243,EQ-CND,2019-09-28
00100248,CT-TST,2022-03-22
00100249,EQ-CND,2021-11-06
00100257,CT-TST,2019-09-06
00100266,PT-MTR,2022-03-15
00100273,PT-CMP,2019-12-18
00100274,EQ-CND,2023-05-04
00100281,EQ-HTP,2023-01-12
00100284,EQ-HTP,2023-05-18
00100288,SP-LIN,2019-07-31
00100288,SP-LIN,2022-03-03
00100289,SP-FLT,2023-03-10
00100289,CT-SEN,2023-12-17
00100289,SP-FLT,2023-12-24
00100289,SP-FLT,2025-02-07
00100297,PT-ELEC,2020-06-05
00100297,PT-CON,2022-12-30
00100305,PT-CMP,2021-12-01
00100312,PT-CMP,2020-01-09
00100312,PT-CON,2021-06-30
00100312,PT-CMP,2021-07-09
00100318,PT-CMP,2020-08-24
00100324,EQ-HTP,2023-08-18
00100328,PT-CON,2024-08-02
00100332,SP-LIN,2023-04-25
00100338,SP-FLT,2024-04-22
00100342,PT-CMP,2021-10-14
00100351,EQ-FUR,2024-02-17
00100354,SP-REF,2022-05-29
00100359,PT-CAP,2023-08-14
00100366,SP-FLT,2021-07-22
00100375,PT-CON,2023-06-12
00100375,CT-TST,2023-10-17
00100375,PT-CON,2023-11-15
00100384,EQ-CND,2021-03-31
00100386,CT-SEN,2022-04-23
00100390,SP-LIN,2019-08-20
00100398,EQ-AHU,2019-08-01
00100399,EQUIP-OUT,2020-11-09
00100399,EQ-CND,2022-04-14
00100399,SP-LIN,2022-06-16
00100399,EQ-CND,2022-07-20
00100399,EQ-CND,2023-10-13
00100401,EQ-HTP,2023-03-31
00100401,EQ-HTP,2025-08-22
00100405,PT-CAP,2022-12-10
00100409,EQ-CND,2021-03-01
00100409,EQ-CND,2024-04-02
00100416,PT-ELEC,2019-05-23
00100416,PT-CAP,2022-02-21
00100423,EQ-FUR,2022-01-20
00100425,SP-LIN,2019-09-25
00100432,EQ-HTP,2024-07-14
00100433,EQ-HTP,2025-03-31
00100439,PT-CMP,2022-08-01
00100440,PT-ELEC,2019-05-19
00100440,PT-CAP,2022-03-19
00100440,EQ-FUR,2019-10-16
00100440,PT-CAP,2019-11-23
00100448,SP-REF,2021-12-20
00100455,EQ-FUR,2020-06-28
00100456,PT-CMP,2022-04-18
00100462,EQ-HTP,2023-06-11
00100464,EQ-HTP,2023-12-11
00100471,EQUIP-OUT,2019-06-01
00100471,EQ-HTP,2023-04-11
00100478,SP-LIN,2022-12-03
00100482,EQ-CND,2019-06-06
00100487,CT-TST,2021-01-28
00100490,PT-MTR,2023-07-30
00100494,PT-MTR,2022-07-03
00100502,SP-LIN,2023-05-20
00100509,PT-CAP,2023-06-13
00100510,SP-LIN,2020-12-04
00100519,EQ-FUR,2019-06-28
00100526,EQ-FUR,2019-10-04
00100532,PT-ELEC,2021-06-28
00100532,PT-CAP,2022-05-03
00100535,PT-ELEC,2020-10-02
00100535,PT-CON,2023-02-08
00100541,PT-CAP,2019-06-06
00100550,PT-ELEC,2019-10-02
00100550,PT-CAP,2022-10-19
00100550,SP-REF,2020-04-21
00100550,PT-CAP,2020-05-04
00100558,PT-CAP,2021-10-17
00100566,PT-CON,2024-06-27
00100567,EQ-HTP,2023-06-28
00100572,EQUIP-OUT,2020-03-24
00100572,EQ-CND,2022-09-08
00100580,EQ-AHU,2022-12-08
00100589,CT-SEN,2024-02-13
00100598,PT-MTR,2021-08-30
00100602,PT-CAP,2023-03-24
00100606,CT-SEN,2024-01-30
00100612,SP-REF,2023-03-02
00100619,PT-ELEC,2020-12-24
00100619,PT-CON,2023-01-15
00100626,CT-TST,2022-07-04
00100634,SP-REF,2019-07-06
00100638,EQUIP-OUT,2021-07-07
00100638,EQ-CND,2022-12-10
00100644,EQ-AHU,2020-08-15
00100645,SP-FLT,2023-12-23
00100645,PT-CMP,2025-06-16
00100645,SP-FLT,2025-07-02
00100650,SP-FLT,2024-08-12
00100657,SP-REF,2019-04-14
00100662,EQ-AHU,2021-03-18
00100671,PT-ELEC,2020-12-16
00100671,PT-CON,2022-05-24
00100673,PT-MTR,2019-01-27
00100674,PT-ELEC,2020-03-07
00100674,PT-CON,2022-03-17
00100678,SP-REF,2024-09-09
00100680,SP-REF,2025-03-17
00100688,EQ-AHU,2022-08-31
00100696,PT-CON,2019-01-27
00100700,EQ-CND,2023-05-23
00100700,PT-CAP,2024-12-11
00100700,EQ-CND,2025-02-08
00100706,EQ-CND,2024-03-07
00100708,SP-LIN,2020-03-12
00100713,EQ-FUR,2019-09-28
00100716,CT-SEN,2020-06-27
00100725,CT-SEN,2019-03-27
00100733,PT-MTR,2024-08-25
00100733,EQ-HTP,2024-11-20
00100733,PT-MTR,2025-01-15
00100742,PT-MTR,2020-02-07
00100744,PT-CMP,2020-11-28
00100751,EQ-CND,2020-01-27
00100757,CT-TST,2020-10-12
00100764,EQUIP-OUT,2019-11-28
00100764,EQ-HTP,2022-01-19
00100767,CT-SEN,2023-06-05
00100772,EQ-FUR,2024-08-14
00100780,PT-ELEC,2019-05-19
00100780,PT-CON,2022-02-14
00100788,PT-CMP,2024-03-07
00100794,CT-TST,2020-09-25
00100799,EQ-AHU,2021-08-25
00100801,EQ-HTP,2020-09-10
00100810,CT-SEN,2020-03-13
00100814,EQ-HTP,2023-11-24
00100814,EQ-AHU,2025-04-13
00100814,EQ-HTP,2025-05-14
00100823,EQ-HTP,2023-07-16
00100827,CT-TST,2023-09-22
00100827,EQ-HTP,2025-05-07
00100827,CT-TST,2025-06-05
00100827,CT-TST,2026-08-11
00100829,EQ-HTP,2024-02-03
00100833,PT-ELEC,2020-10-02
00100833,PT-CAP,2022-06-12
00100836,PT-ELEC,2021-01-19
00100836,PT-CON,2022-06-05
00100845,PT-ELEC,2020-10-20
00100845,PT-CAP,2023-05-08
00100846,CT-SEN,2024-05-02
00100850,EQ-CND,2024-02-15
00100854,EQ-CND,2024-12-26
00100858,SP-FLT,2021-10-31
00100864,PT-CON,2022-12-13
00100865,PT-MTR,2023-05-25
00100865,PT-MTR,2025-10-26
00100874,EQUIP-OUT,2021-07-14
00100874,EQ-HTP,2022-06-24
00100874,SP-FLT,2022-09-29
00100874,EQ-HTP,2022-11-24
00100882,EQ-AHU,2020-05-27
00100883,PT-CMP,2023-10-12
00100885,PT-CMP,2022-05-26
00100894,PT-CON,2019-03-03
00100894,SP-LIN,2019-06-19
00100894,PT-CON,2019-08-17
00100901,EQUIP-OUT,2020-08-07
00100901,EQ-CND,2022-05-05
00100906,EQ-HTP,2023-07-07
00100908,SP-REF,2019-11-19
00100917,PT-CMP,2020-07-24
00100918,PT-CMP,2021-10-06
00100925,EQ-AHU,2024-03-31
00100927,EQ-AHU,2024-06-26
00100931,SP-LIN,2019-11-05
00100935,SP-FLT,2020-01-20
00100941,PT-CMP,2020-06-03
00100950,EQ-FUR,2021-05-13
00100950,SP-LIN,2021-10-02
00100950,EQ-FUR,2021-10-17
00100953,EQ-FUR,2021-12-30
00100957,PT-CON,2024-07-15
00100963,PT-CAP,2022-09-17
00100968,PT-CAP,2023-07-22
00100976,SP-LIN,2024-04-29
00100980,CT-SEN,2020-08-25
00100982,SP-FLT,2020-12-13
00100988,SP-FLT,2020-07-22
00100991,PT-MTR,2022-07-28
00100991,PT-MTR,2025-08-27
00100996,PT-ELEC,2020-05-01
00100996,PT-CON,2022-10-29
00101003,CT-SEN,2020-09-28
00101006,CT-SEN,2020-09-13
00101014,EQUIP-OUT,2019-12-28
00101014,EQ-CND,2022-11-18
00101023,EQ-FUR,2021-02-06
00101028,PT-CAP,2024-03-01
00101029,PT-MTR,2019-11-23
00101037,PT-MTR,2020-01-29
00101040,PT-MTR,2022-07-19
00101042,PT-MTR,2022-10-29
00101042,EQ-HTP,2024-03-12
00101042,PT-MTR,2024-04-03
00101044,SP-LIN,2020-04-23
00101050,PT-MTR,2019-03-05
00101050,SP-FLT,2019-04-06
00101050,PT-MTR,2019-04-18
00101057,CT-SEN,2023-09-27
00101065,SP-LIN,2024-08-09
00101074,SP-REF,2019-08-24
00101074,PT-CAP,2020-07-25
00101074,SP-REF,2020-08-14
00101078,PT-CON,2024-02-27
00101084,SP-REF,2021-01-10
00101086,CT-TST,2020-09-02
00101086,SP-REF,2022-03-25
00101086,CT-TST,2022-05-09
00101092,EQUIP-OUT,2020-10-01
00101092,EQ-CND,2022-09-19
00101095,SP-LIN,2019-05-18
00101098,SP-LIN,2024-01-05
00101104,EQ-FUR,2021-08-13
00101106,EQ-FUR,2023-02-28
00101110,CT-TST,2019-04-24
00101116,EQ-CND,2020-08-16
00101118,EQ-CND,2020-12-12
00101118,EQ-CND,2023-01-01
00101126,CT-SEN,2021-06-22
00101126,CT-SEN,2024-02-14
00101134,SP-LIN,2023-04-27
00101136,EQ-CND,2024-05-09
00101144,SP-FLT,2020-08-15
00101151,EQ-AHU,2022-04-29
00101157,EQ-AHU,2022-09-23
00101161,EQ-AHU,2022-03-18
00101162,EQ-AHU,2023-04-01
00101169,PT-MTR,2020-02-04
00101172,PT-MTR,2019-03-07
00101181,CT-SEN,2024-07-22
00101190,PT-MTR,2021-04-08
00101190,PT-CAP,2022-03-12
00101190,PT-MTR,2022-05-10
00101192,EQ-FUR,2022-10-05
00101197,SP-FLT,2021-12-26
00101206,EQ-AHU,2019-01-20
00101213,SP-REF,2022-08-07
00101221,CT-TST,2024-07-19
00101229,SP-REF,2021-01-17
00101238,EQ-FUR,2021-03-10
00101239,EQ-CND,2023-12-25
00101248,PT-CAP,2024-08-13
00101252,PT-MTR,2021-07-20
00101255,EQUIP-OUT,2019-03-17
00101255,EQ-HTP,2022-02-15
00101259,PT-ELEC,2019-08-01
00101259,PT-CON,2022-10-15
00101260,PT-CAP,2022-08-06
00101268,PT-CON,2023-09-26
00101273,SP-FLT,2021-04-02
00101278,SP-FLT,2019-06-14
00101286,SP-FLT,2019-05-27
00101292,EQ-FUR,2022-03-23
00101297,PT-MTR,2022-01-04
00101304,PT-CMP,2022-04-17
00101306,PT-CMP,2023-04-10
00101312,SP-LIN,2024-02-04
00101321,CT-TST,2023-02-11
00101322,SP-REF,2021-06-26
00101327,SP-REF,2021-09-04
00101336,SP-REF,2023-12-07
00101340,CT-TST,2022-12-14
00101344,SP-FLT,2020-06-05
00101351,EQ-FUR,2020-09-04
00101353,CT-SEN,2022-12-15
00101354,PT-CAP,2022-05-13
00101356,SP-REF,2019-12-27
00101358,PT-ELEC,2019-02-13
00101358,PT-CAP,2022-02-08
00101359,SP-REF,2022-12-09
00101364,EQ-CND,2024-08-13
00101369,SP-FLT,2022-11-07
00101369,CT-TST,2023-01-12
00101369,SP-FLT,2023-03-02
00101369,SP-FLT,2026-02-08
00101378,SP-REF,2019-11-04
00101381,PT-MTR,2024-09-15
00101387,PT-MTR,2024-12-11
00101394,SP-FLT,2019-09-04
00101396,SP-LIN,2019-02-13
00101397,EQ-CND,2020-02-08
00101398,EQUIP-OUT,2021-12-25
00101398,EQ-CND,2022-10-05
00101405,SP-FLT,2020-10-04
00101411,CT-SEN,2024-07-01
00101417,PT-CMP,2022-08-15
00101424,SP-LIN,2019-08-12
00101431,PT-CON,2019-06-30
00101440,SP-LIN,2021-10-29
00101449,EQ-FUR,2024-06-07
00101450,CT-SEN,2019-02-01
00101451,PT-ELEC,2021-08-29
00101451,PT-CON,2022-01-01
00101459,EQUIP-OUT,2020-06-15
00101459,EQ-CND,2023-03-01
00101462,EQ-HTP,2021-09-10
00101471,PT-CAP,2024-05-03
00101473,EQ-HTP,2021-12-04
00101481,CT-SEN,2020-08-17
00101490,SP-REF,2022-03-27
00101498,CT-TST,2020-06-25
00101502,EQ-AHU,2019-04-14
00101507,CT-TST,2020-02-05
00101516,PT-MTR,2020-10-25
00101517,EQ-HTP,2022-11-30
00101519,EQ-FUR,2021-09-28
00101524,EQ-FUR,2023-06-01
00101527,SP-LIN,2022-10-25
00101529,SP-REF,2024-09-27
00101538,CT-SEN,2020-11-01
00101538,PT-CMP,2021-03-27
00101538,CT-SEN,2021-05-07
00101543,SP-FLT,2020-01-15
00101548,SP-REF,2020-06-30
00101557,EQ-AHU,2020-11-24
00101560,EQ-CND,2024-01-10
00101563,EQ-CND,2021-12-19
00101572,PT-MTR,2019-11-17
00101578,CT-TST,2020-11-21
00101580,SP-LIN,2024-08-08
00101580,CT-TST,2025-05-12
00101580,SP-LIN,2025-07-06
00101584,EQ-AHU,2021-07-20
00101585,EQ-AHU,2024-05-17
00101593,PT-CMP,2023-12-21
00101599,SP-LIN,2024-03-01
00101600,SP-REF,2019-09-03
00101602,SP-FLT,2020-07-14
00101611,PT-ELEC,2020-08-24
00101611,PT-CAP,2022-08-31
00101620,SP-LIN,2023-12-13
00101623,PT-MTR,2021-06-25
00101624,PT-MTR,2021-07-18
00101632,EQ-FUR,2023-05-25
00101632,CT-TST,2023-10-11
00101632,EQ-FUR,2023-11-29
00101635,EQ-AHU,2019-08-24
00101641,EQ-HTP,2024-02-26
00101644,EQ-FUR,2021-04-05
00101652,EQ-FUR,2019-02-17
00101654,SP-LIN,2020-04-07
00101659,SP-FLT,2023-12-07
00101662,CT-SEN,2022-04-02
00101670,SP-FLT,2022-01-05
00101672,EQ-CND,2019-05-10
00101676,EQ-CND,2024-05-02
00101685,CT-TST,2022-09-10
00101693,EQ-HTP,2023-01-18
00101697,PT-CMP,2022-10-06
00101701,PT-CMP,2019-07-05
00101705,EQ-AHU,2024-08-10
00101707,PT-CAP,2023-10-12
00101716,SP-LIN,2020-08-01
00101719,EQ-FUR,2023-07-21
00101719,EQ-FUR,2026-05-22
00101722,EQUIP-OUT,2021-09-24
00101722,EQ-CND,2022-10-03
00101725,EQ-CND,2022-01-29
00101734,PT-CMP,2022-05-19
00101735,PT-MTR,2021-02-18
00101738,EQ-FUR,2023-01-02
00101744,CT-TST,2022-02-03
00101748,SP-REF,2023-06-25
00101754,EQUIP-OUT,2019-08-21
00101754,EQ-HTP,2022-10-30
00101758,SP-LIN,2019-01-21
00101761,PT-MTR,2021-05-19
00101769,PT-CAP,2023-08-24
00101770,EQ-CND,2023-06-25
00101771,EQ-FUR,2020-01-04
00101777,PT-CAP,2024-05-10
00101777,PT-CAP,2026-11-11
00101782,EQ-CND,2022-01-27
00101785,PT-MTR,2021-07-23
00101792,CT-SEN,2024-08-17
00101798,SP-REF,2020-10-25
00101807,EQ-CND,2022-11-10
00101811,PT-CON,2023-07-04
00101814,PT-CAP,2019-03-27
00101815,CT-TST,2023-10-10
00101822,PT-MTR,2021-12-30
00101822,PT-MTR,2024-12-27
00101824,EQ-AHU,2021-10-19
00101827,PT-ELEC,2021-05-09
00101827,PT-CAP,2023-03-10
00101835,CT-TST,2022-05-03
00101841,EQ-CND,2022-12-11
00101843,CT-SEN,2023-06-13
00101850,EQ-CND,2024-08-29
00101857,EQ-HTP,2022-07-20
00101861,EQ-FUR,2021-07-06
00101869,EQ-FUR,2022-02-25
00101878,SP-REF,2021-05-31
00101885,EQUIP-OUT,2019-10-10
00101885,EQ-HTP,2022-03-30
00101886,EQ-HTP,2022-08-27
00101893,EQ-HTP,2022-12-28
00101899,EQ-CND,2023-08-08
00101908,CT-TST,2023-04-18
00101911,PT-CON,2021-11-09
00101918,SP-LIN,2019-05-18
00101924,EQ-CND,2022-07-16
00101926,SP-LIN,2023-04-06
00101929,SP-FLT,2021-12-27
00101932,SP-FLT,2021-12-21
00101932,PT-CAP,2023-05-01
00101932,SP-FLT,2023-06-25
00101941,PT-CMP,2019-09-27
00101947,SP-REF,2020-09-16
00101954,SP-FLT,2023-10-20
00101963,CT-SEN,2021-08-31
00101972,PT-ELEC,2021-11-29
00101972,PT-CAP,2022-09-01
00101975,SP-LIN,2023-11-30
00101978,SP-REF,2022-04-04
00101986,CT-SEN,2022-04-24
00101987,PT-ELEC,2020-06-14
00101987,PT-CON,2022-02-06
00101995,SP-LIN,2020-12-22
00101997,PT-CMP,2021-03-31
00102006,SP-REF,2021-06-23
00102007,EQ-FUR,2021-06-02
00102014,PT-CMP,2023-09-08
00102016,SP-LIN,2021-02-18
00102022,EQ-CND,2023-04-21
00102031,SP-FLT,2021-10-14
00102035,PT-CON,2023-03-12
00102035,PT-CON,2025-06-21
00102038,SP-FLT,2019-07-29
00102040,SP-FLT,2019-11-25
00102047,PT-CAP,2021-06-18
00102055,PT-CMP,2023-12-28
00102064,EQUIP-OUT,2019-10-22
00102064,EQ-HTP,2023-02-08
00102066,EQ-HTP,2024-03-22
00102066,EQ-AHU,2024-11-24
00102066,EQ-HTP,2024-11-29
00102070,EQ-HTP,2023-12-18
00102078,EQ-HTP,2021-11-22
00102084,SP-REF,2020-09-30
00102085,SP-REF,2021-04-28
00102093,PT-CAP,2021-05-12
00102094,SP-REF,2024-07-26
00102101,EQUIP-OUT,2019-12-29
00102101,EQ-HTP,2022-09-21
00102108,PT-MTR,2020-09-15
00102110,PT-MTR,2022-09-11
00102117,PT-CAP,2020-04-07
00102119,EQ-AHU,2020-02-03
00102124,SP-FLT,2020-11-02
00102133,SP-FLT,2021-11-04
00102134,EQ-AHU,2021-12-06
00102141,EQ-FUR,2020-04-26
00102143,PT-CMP,2021-03-20
00102143,EQ-CND,2022-09-10
00102143,PT-CMP,2022-09-13
00102146,PT-ELEC,2020-01-25
00102146,PT-CON,2022-02-03
00102146,EQ-CND,2021-01-22
00102146,PT-CON,2021-02-02
00102155,EQ-FUR,2020-09-21
00102156,PT-MTR,2020-05-09
00102164,SP-FLT,2019-09-12
00102169,EQ-HTP,2020-12-16
00102175,PT-MTR,2023-08-15
00102179,EQ-AHU,2019-10-01
00102187,CT-SEN,2019-09-14
00102190,SP-FLT,2024-07-10
00102199,CT-SEN,2024-03-24
00102202,CT-SEN,2021-08-27
00102202,CT-SEN,2023-09-06
00102203,SP-LIN,2022-11-04
00102211,PT-CON,2023-10-14
00102216,PT-MTR,2024-05-01
00102217,PT-CON,2022-12-19
00102225,PT-CMP,2021-02-06
00102226,PT-CMP,2019-06-20
00102229,EQ-AHU,2022-12-10
00102238,SP-LIN,2021-02-14
00102244,EQ-AHU,2021-10-04
00102247,SP-LIN,2023-03-23
00102250,CT-SEN,2021-12-26
00102259,SP-FLT,2024-02-23
00102267,PT-CAP,2024-09-11
00102269,PT-ELEC,2019-04-16
00102269,PT-CON,2023-05-02
00102271,SP-REF,2022-02-10
00102280,EQ-AHU,2021-04-02
00102283,CT-SEN,2019-08-08
00102288,SP-LIN,2022-08-02
00102291,CT-SEN,2023-07-31
00102298,CT-SEN,2024-06-26
00102304,EQ-AHU,2023-08-14
00102309,EQ-FUR,2020-05-11
00102312,SP-LIN,2023-08-18
00102318,CT-SEN,2020-04-27
00102324,PT-CON,2022-12-03
00102324,PT-CON,2025-03-30
00102333,EQ-AHU,2022-03-28
00102335,EQUIP-OUT,2021-08-22
00102335,EQ-HTP,2022-12-27
00102338,EQ-FUR,2023-04-24
00102344,PT-MTR,2021-05-22
00102349,CT-SEN,2022-08-24
00102353,EQ-CND,2023-12-31
00102362,SP-REF,2021-07-08
00102369,SP-FLT,2021-05-05
00102377,CT-SEN,2022-01-02
00102380,PT-CAP,2024-09-28
00102389,PT-CON,2021-10-28
00102396,SP-FLT,2022-10-31
00102403,EQUIP-OUT,2019-03-09
00102403,EQ-HTP,2022-08-29
00102411,CT-SEN,2022-04-28
00102417,CT-SEN,2021-12-16
00102419,PT-CAP,2023-01-30
00102422,PT-CMP,2020-06-09
00102425,EQ-FUR,2021-10-28
00102426,EQ-CND,2023-04-23
00102431,CT-SEN,2023-04-02
00102433,EQ-CND,2019-10-18
00102440,PT-CAP,2021-04-17
00102443,PT-CON,2023-12-06
00102446,EQ-FUR,2021-09-09
00102455,SP-FLT,2019-09-14
00102459,EQUIP-OUT,2019-06-06
00102459,EQ-HTP,2022-02-01
00102464,EQ-FUR,2021-06-18
00102473,SP-FLT,2020-03-01
00102482,CT-TST,2022-08-17
00102485,SP-REF,2019-12-17
00102486,SP-REF,2021-05-04
00102490,EQ-AHU,2020-03-28
00102495,EQ-FUR,2021-09-05
00102501,EQ-FUR,2020-08-28
00102507,SP-LIN,2020-04-10
00102507,CT-SEN,2021-01-25
00102507,SP-LIN,2021-02-06
00102515,CT-TST,2021-05-13
00102520,CT-TST,2023-10-31
00102529,EQUIP-OUT,2021-10-31
00102529,EQ-CND,2022-08-10
00102529,SP-LIN,2022-04-12
00102529,EQ-CND,2022-06-07
00102532,EQ-CND,2022-04-26
00102540,PT-MTR,2020-10-29
00102542,SP-FLT,2022-10-27
00102547,SP-REF,2020-10-22
00102553,EQ-CND,2024-02-20
00102553,EQ-FUR,2025-04-01
00102553,EQ-CND,2025-05-30
00102558,EQ-HTP,2020-01-03
00102564,EQUIP-OUT,2020-12-23
00102564,EQ-HTP,2023-04-26
00102571,EQ-FUR,2019-10-12
00102577,EQ-FUR,2019-03-01
00102582,PT-CAP,2022-01-25
00102590,PT-CMP,2020-12-10
00102596,CT-TST,2021-07-15
00102600,EQUIP-OUT,2021-02-17
00102600,EQ-HTP,2022-02-03
00102603,EQUIP-OUT,2021-12-13
00102603,EQ-HTP,2022-03-22
00102606,EQ-FUR,2020-08-11
00102610,EQ-FUR,2021-07-03
00102611,EQ-FUR,2020-12-23
00102611,EQ-FUR,2023-03-25
00102619,PT-CAP,2021-10-14
00102622,EQ-AHU,2023-04-23
00102627,PT-CAP,2023-03-26
00102633,CT-TST,2020-12-12
00102639,PT-CON,2024-04-05
00102648,PT-CAP,2023-03-21
00102656,EQ-FUR,2020-06-23
00102660,CT-SEN,2023-01-19
00102664,EQ-FUR,2019-04-11
00102665,EQ-FUR,2020-02-28
00102665,CT-TST,2020-05-19
00102665,EQ-FUR,2020-07-17
00102668,PT-CMP,2020-07-24
00102676,EQ-HTP,2023-07-05
00102678,SP-FLT,2024-09-26
00102678,PT-MTR,2025-04-10
00102678,SP-FLT,2025-05-31
00102679,CT-TST,2024-04-10
00102686,PT-MTR,2022-11-06
00102687,SP-FLT,2019-01-01
00102689,SP-LIN,2023-05-03
00102698,PT-MTR,2020-07-15
00102706,EQ-AHU,2019-11-25
00102711,EQUIP-OUT,2020-12-18
00102711,EQ-CND,2022-09-25
00102711,EQ-CND,2023-05-19
00102717,EQ-AHU,2024-10-01
00102720,EQ-FUR,2023-02-22
00102720,SP-LIN,2024-05-26
00102720,EQ-FUR,2024-07-22
00102728,SP-REF,2021-01-13
00102729,CT-TST,2021-11-20
00102734,EQ-FUR,2019-02-09
00102737,EQ-FUR,2021-08-10
00102741,SP-FLT,2023-09-20
00102744,EQ-FUR,2022-11-14
00102752,CT-SEN,2020-10-21
00102754,PT-ELEC,2021-03-15
00102754,PT-CAP,2023-04-17
00102759,CT-SEN,2019-07-06
00102759,PT-MTR,2021-01-03
00102759,CT-SEN,2021-03-01
00102767,EQ-CND,2019-01-20
00102776,EQ-AHU,2021-12-21
00102784,CT-SEN,2021-03-23
00102790,PT-CMP,2024-05-15
00102795,PT-MTR,2019-09-17
00102795,CT-SEN,2021-01-26
00102795,PT-MTR,2021-02-12
00102802,EQUIP-OUT,2020-07-31
00102802,EQ-CND,2022-02-26
00102807,SP-LIN,2019-03-10
00102814,PT-MTR,2024-01-27
00102822,EQ-HTP,2021-11-24
00102822,EQ-FUR,2022-05-09
00102822,EQ-HTP,2022-05-18
00102824,PT-ELEC,2019-04-07
00102824,PT-CON,2022-06-04
00102824,SP-LIN,2019-12-04
00102824,PT-CON,2020-01-28
00102830,EQUIP-OUT,2019-09-12
00102830,EQ-HTP,2022-08-25
00102836,PT-CMP,2022-06-08
00102836,PT-CMP,2025-01-05
00102845,CT-SEN,2021-08-26
00102845,CT-SEN,2023-08-04
00102847,EQ-AHU,2024-09-06
00102848,EQ-AHU,2025-07-01
00102848,SP-FLT,2026-03-09
00102848,EQ-AHU,2026-05-06
00102852,PT-CMP,2023-09-10
00102856,CT-TST,2024-02-10
00102859,SP-FLT,2019-05-24
00102868,SP-FLT,2020-01-21
00102871,EQ-AHU,2023-10-11
00102873,PT-CAP,2023-05-03
00102873,PT-CAP,2025-04-25
00102878,CT-TST,2022-10-31
00102879,CT-SEN,2021-12-25
00102883,PT-MTR,2021-07-19
00102887,SP-FLT,2021-11-03
00102891,EQ-CND,2019-07-16
00102893,SP-REF,2023-01-18
00102894,EQ-FUR,2019-10-17
00102900,EQ-FUR,2024-05-06
00102905,PT-MTR,2022-06-30
00102912,PT-ELEC,2021-07-19
00102912,PT-CAP,2023-01-20
00102918,EQ-HTP,2019-05-23
00102920,SP-LIN,2021-01-22
00102924,PT-MTR,2019-08-25
00102928,PT-ELEC,2021-04-06
00102928,PT-CAP,2022-02-23
00102931,PT-MTR,2024-08-11
00102931,EQ-AHU,2025-10-18
00102931,PT-MTR,2025-12-16
00102933,SP-FLT,2020-04-07
00102939,SP-LIN,2024-08-19
00102941,SP-FLT,2021-08-15
00102944,EQ-HTP,2022-10-25
00102946,EQ-AHU,2020-12-19
00102947,SP-LIN,2022-01-21
00102947,SP-LIN,2024-05-24
00102951,PT-ELEC,2021-07-21
00102951,PT-CAP,2023-04-23
00102953,PT-CON,2023-12-30
00102961,PT-CON,2024-03-10
00102968,PT-CMP,2024-04-16
00102972,EQ-FUR,2024-03-20
00102978,SP-LIN,2023-07-04
00102987,SP-LIN,2023-06-22
00102995,PT-ELEC,2021-01-17
00102995,PT-CAP,2022-10-02
00103003,EQ-FUR,2023-01-28
00103011,EQ-CND,2021-11-08
00103016,SP-LIN,2019-10-03
00103017,CT-SEN,2020-10-18
00103022,CT-SEN,2021-05-04
00103029,PT-ELEC,2021-07-22
00103029,PT-CON,2023-01-16
00103035,EQ-CND,2020-01-02
00103042,EQ-AHU,2021-01-05
00103042,PT-CAP,2021-03-18
00103042,EQ-AHU,2021-05-02
00103044,EQ-AHU,2019-03-31
00103044,EQ-FUR,2020-03-03
00103044,EQ-AHU,2020-03-21
00103052,PT-ELEC,2020-12-18
00103052,PT-CON,2022-11-05
00103053,EQ-AHU,2019-05-18
00103061,PT-CMP,2022-10-12
00103069,PT-CON,2023-04-20
00103076,CT-TST,2023-01-22
00103081,CT-TST,2024-05-18
00103083,SP-LIN,2021-05-14
00103088,SP-FLT,2021-12-10
00103094,SP-FLT,2022-05-25
00103102,SP-LIN,2019-07-10
00103109,PT-CON,2019-01-18
00103115,SP-LIN,2023-11-19
00103123,CT-TST,2024-07-15
00103126,EQ-CND,2020-06-21
00103129,SP-FLT,2019-12-22
00103131,CT-SEN,2019-11-26
00103131,CT-SEN,2021-11-10
00103133,PT-MTR,2024-08-10
00103137,PT-ELEC,2019-09-07
00103137,PT-CAP,2022-02-11
00103142,EQ-AHU,2023-12-22
00103146,EQ-FUR,2021-08-08
00103150,PT-CMP,2020-05-05
00103155,PT-CAP,2023-02-14
00103156,SP-REF,2020-04-04
00103157,PT-CMP,2022-07-09
00103166,CT-SEN,2020-12-17
00103168,EQUIP-OUT,2019-09-21
00103168,EQ-HTP,2023-05-13
00103168,EQ-CND,2020-03-15
00103168,EQ-HTP,2020-04-12
00103177,EQUIP-OUT,2020-04-28
00103177,EQ-CND,2022-03-23
00103185,EQ-HTP,2019-01-08
00103191,CT-TST,2021-01-04
00103192,EQ-HTP,2022-08-18
00103198,PT-CON,2022-01-12
00103206,SP-REF,2023-01-10
00103212,PT-MTR,2020-05-26
00103216,PT-MTR,2020-08-23
00103225,PT-MTR,2024-03-12
00103227,CT-SEN,2019-01-24
00103230,PT-ELEC,2019-06-20
00103230,PT-CAP,2022-09-18
00103235,SP-FLT,2021-03-22
00103240,PT-MTR,2022-06-17
00103245,SP-FLT,2021-02-22
00103253,PT-ELEC,2020-01-10
00103253,PT-CON,2023-03-12
00103255,PT-ELEC,2020-08-31
00103255,PT-CON,2022-07-01
00103256,SP-REF,2022-09-14
00103261,EQUIP-OUT,2019-08-21
00103261,EQ-CND,2022-10-19
00103266,EQUIP-OUT,2021-11-02
00103266,EQ-HTP,2022-07-21
00103271,EQ-HTP,2022-03-29
00103276,EQ-FUR,2024-04-23
00103285,EQ-AHU,2019-07-05
00103287,CT-TST,2022-01-03
00103288,EQ-AHU,2023-11-29
00103296,EQUIP-OUT,2020-09-28
00103296,EQ-CND,2022-10-24
00103299,PT-MTR,2019-01-15
00103307,EQ-CND,2023-12-16
00103312,CT-SEN,2022-10-13
00103313,PT-ELEC,2019-04-02
00103313,PT-CAP,2022-08-02
00103314,PT-CON,2024-01-01
00103321,PT-ELEC,2019-05-11
00103321,PT-CAP,2023-05-16
00103324,PT-MTR,2023-01-06
00103324,PT-MTR,2025-12-26
00103325,PT-MTR,2023-11-06
00103331,CT-TST,2019-09-07
00103335,CT-TST,2022-07-10
00103340,SP-FLT,2020-12-09
00103344,PT-CON,2022-01-17
00103351,PT-CON,2022-12-03
00103358,SP-REF,2019-02-15
00103362,PT-ELEC,2021-02-10
00103362,PT-CAP,2022-11-11
00103364,EQUIP-OUT,2021-03-30
00103364,EQ-CND,2022-08-25
00103366,EQ-HTP,2022-08-25
00103374,SP-FLT,2022-06-29
00103382,PT-CAP,2023-09-27
00103389,PT-CAP,2022-01-07
00103398,CT-SEN,2024-03-07
00103406,SP-LIN,2020-03-04
00103414,EQ-FUR,2024-02-09
00103417,CT-TST,2024-07-15
00103419,PT-CAP,2022-01-27
00103428,CT-SEN,2020-07-17
00103431,SP-FLT,2019-01-16
00103431,SP-LIN,2019-10-31
00103431,SP-FLT,2019-11-05
00103434,PT-ELEC,2019-06-22
00103434,PT-CAP,2023-05-09
00103442,PT-ELEC,2020-07-14
00103442,PT-CAP,2022-11-12
00103447,SP-REF,2021-11-25
00103452,SP-FLT,2022-04-04
00103454,SP-REF,2021-04-03
00103457,SP-LIN,2023-01-31
00103465,SP-LIN,2023-05-01
00103468,PT-CMP,2019-05-16
00103474,CT-TST,2019-04-06
00103479,SP-LIN,2021-01-17
00103487,PT-ELEC,2019-10-23
00103487,PT-CAP,2022-08-03
00103490,SP-LIN,2022-05-16
00103494,EQ-FUR,2022-03-18
00103502,EQ-FUR,2023-01-26
00103505,PT-MTR,2020-08-10
00103510,PT-MTR,2021-07-06
00103513,EQ-HTP,2024-06-08
00103515,SP-LIN,2024-07-25
00103520,SP-FLT,2024-09-06
00103523,CT-SEN,2022-11-28
00103530,EQ-FUR,2022-07-17
00103533,CT-SEN,2023-11-24
00103538,CT-SEN,2024-09-02
00103546,SP-FLT,2020-09-02
00103552,EQUIP-OUT,2021-01-19
00103552,EQ-HTP,2022-09-06
00103555,SP-LIN,2024-08-25
00103564,EQ-FUR,2023-11-19
00103573,CT-SEN,2024-05-19
00103578,EQ-FUR,2020-02-19
00103585,SP-LIN,2019-12-20
00103587,PT-CMP,2021-09-20
00103595,CT-TST,2020-03-18
00103599,SP-FLT,2024-09-28
00103608,SP-FLT,2020-04-29
00103614,SP-FLT,2021-02-28
00103620,EQ-AHU,2023-05-30
00103623,EQUIP-OUT,2021-08-06
00103623,EQ-CND,2023-05-09
00103627,EQ-FUR,2022-06-06
00103630,SP-REF,2022-05-09
00103637,SP-LIN,2022-05-14
00103643,PT-CMP,2022-08-10
00103651,SP-FLT,2019-06-22
00103658,EQ-AHU,2021-09-02
00103661,PT-CMP,2024-09-04
00103665,EQUIP-OUT,2020-09-10
00103665,EQ-CND,2022-08-20
00103665,PT-CAP,2022-04-04
00103665,EQ-CND,2022-06-02
00103667,EQUIP-OUT,2019-10-16
00103667,EQ-HTP,2022-12-23
00103667,SP-FLT,2020-08-28
00103667,EQ-HTP,2020-10-16
00103670,PT-MTR,2019-07-12
00103675,CT-TST,2020-04-03
00103679,PT-CON,2022-03-31
00103684,SP-LIN,2022-01-30
00103692,SP-FLT,2020-04-15
00103693,SP-REF,2022-01-26
00103695,SP-LIN,2020-07-06
00103699,SP-FLT,2021-03-05
00103706,SP-FLT,2024-09-29
00103706,PT-CAP,2025-08-22
00103706,SP-FLT,2025-08-25
00103714,PT-ELEC,2020-12-07
00103714,PT-CAP,2022-09-30
00103721,PT-ELEC,2021-01-23
00103721,PT-CAP,2023-01-12
00103725,SP-REF,2021-05-18
00103728,PT-MTR,2023-11-19
00103731,PT-ELEC,2021-07-24
00103731,PT-CON,2022-08-18
00103732,PT-MTR,2024-08-26
00103733,EQUIP-OUT,2019-05-11
00103733,EQ-HTP,2022-06-22
00103735,EQ-AHU,2020-10-20
00103735,SP-REF,2020-12-31
00103735,EQ-AHU,2021-01-11
00103735,EQ-AHU,2023-08-31
00103742,EQ-FUR,2022-04-01
00103747,SP-FLT,2021-11-07
00103750,CT-TST,2023-12-30
00103758,CT-TST,2024-07-12
00103766,PT-ELEC,2019-08-26
00103766,PT-CAP,2022-12-07
00103768,PT-CMP,2023-08-15
00103771,EQ-FUR,2022-10-22
00103773,PT-CON,2022-07-16
00103776,PT-CON,2023-03-19
00103777,PT-CMP,2019-04-12
00103781,EQ-CND,2022-04-27
00103785,CT-SEN,2023-06-25
00103792,CT-SEN,2020-08-22
00103801,CT-TST,2019-02-27
00103803,PT-ELEC,2021-09-02
00103803,PT-CAP,2022-06-06
00103808,PT-ELEC,2020-08-03
00103808,PT-CON,2022-02-23
00103815,CT-SEN,2020-09-20
00103818,PT-CMP,2024-07-12
00103822,EQ-FUR,2019-10-19
00103825,PT-CON,2024-02-26
00103830,PT-CON,2024-09-04
00103836,CT-SEN,2021-07-27
00103841,EQ-CND,2022-09-04
00103843,EQ-AHU,2024-01-10
00103851,CT-SEN,2021-09-19
00103860,EQ-FUR,2020-01-16
00103862,PT-CON,2023-07-02
00103870,EQ-AHU,2020-04-23
00103870,PT-CON,2021-07-06
00103870,EQ-AHU,2021-08-30
00103872,PT-CON,2023-01-23
00103876,EQ-AHU,2020-04-25
00103878,EQUIP-OUT,2019-01-26
00103878,EQ-HTP,2022-07-15
00103885,PT-ELEC,2020-10-01
00103885,PT-CON,2022-02-08
00103890,PT-CON,2024-05-11
00103898,SP-LIN,2023-08-21
00103904,CT-SEN,2021-05-25
00103908,CT-SEN,2021-06-25
00103910,PT-CON,2023-02-06
00103910,PT-CON,2026-01-19
00103918,EQ-FUR,2024-01-06
00103924,PT-CON,2024-09-08
00103929,PT-CON,2024-08-08
00103937,SP-REF,2019-11-19
00103945,EQUIP-OUT,2019-11-11
00103945,EQ-HTP,2022-07-27
00103952,CT-TST,2022-05-21
00103958,EQ-FUR,2019-06-29
00103959,PT-CMP,2021-08-12
00103968,EQ-AHU,2020-07-03
00103969,CT-TST,2023-01-25
00103976,PT-ELEC,2021-08-09
00103976,PT-CAP,2022-10-19
00103981,CT-TST,2024-05-10
00103982,PT-CAP,2023-05-10
00103986,EQUIP-OUT,2021-11-26
00103986,EQ-CND,2023-04-08
00103994,SP-FLT,2024-07-07
00103999,EQ-AHU,2022-04-30
00104001,CT-SEN,2023-08-21
00104009,SP-FLT,2019-02-23
00104017,EQ-CND,2023-02-13
00104017,PT-CAP,2023-05-04
00104017,EQ-CND,2023-06-19
00104026,EQ-FUR,2024-01-02
00104032,PT-MTR,2021-12-09
00104033,EQ-AHU,2020-02-08
00104042,EQ-HTP,2024-07-17
00104047,PT-CMP,2024-05-04
00104050,EQ-CND,2024-06-11
00104057,SP-REF,2023-03-21
00104064,PT-MTR,2022-10-16
00104073,CT-TST,2020-09-04
00104082,EQUIP-OUT,2019-06-27
00104082,EQ-HTP,2022-03-11
00104087,EQUIP-OUT,2019-07-02
00104087,EQ-HTP,2023-04-19
00104094,SP-FLT,2019-04-14
00104098,PT-CMP,2019-09-18
00104103,SP-FLT,2022-01-14
00104105,PT-CMP,2022-01-09
00104111,PT-CMP,2024-09-03
00104117,PT-CMP,2024-07-05
00104122,EQ-FUR,2021-05-31
00104128,EQ-CND,2023-09-09
00104136,EQ-CND,2022-05-20
00104142,CT-TST,2024-04-10
00104149,EQ-CND,2023-12-11
00104155,EQ-FUR,2019-01-30
00104164,SP-LIN,2023-09-22
00104171,PT-ELEC,2021-12-06
00104171,PT-CON,2022-07-21
00104178,PT-MTR,2023-06-07
00104182,EQUIP-OUT,2021-08-21
00104182,EQ-CND,2023-03-02
00104184,CT-SEN,2019-09-05
00104188,CT-TST,2020-06-17
00104193,CT-TST,2020-05-13
00104199,CT-TST,2019-03-19
00104204,PT-MTR,2019-05-19
00104207,EQ-FUR,2020-09-01
00104214,PT-MTR,2020-10-01
00104216,EQ-AHU,2022-09-28
00104225,EQ-AHU,2023-09-06
00104226,EQ-HTP,2024-03-02
00104229,SP-REF,2021-12-22
00104237,SP-FLT,2022-04-30
00104243,PT-CMP,2019-08-11
00104247,CT-TST,2020-11-03
00104255,PT-MTR,2024-06-25
00104259,CT-SEN,2020-04-25
00104262,SP-FLT,2022-08-19
00104270,PT-MTR,2023-04-14
00104278,SP-LIN,2020-11-05
00104286,SP-FLT,2021-09-17
00104292,SP-REF,2024-04-02
00104300,EQUIP-OUT,2019-04-16
00104300,EQ-CND,2023-04-06
00104304,EQUIP-OUT,2020-10-08
00104304,EQ-CND,2023-02-03
00104312,PT-CON,2024-01-14
00104315,PT-CMP,2022-08-20
00104321,EQ-HTP,2024-02-15
00104326,CT-TST,2021-11-12
00104335,EQ-FUR,2020-02-18
00104341,CT-TST,2022-01-25
00104343,EQ-FUR,2024-02-15
00104346,SP-FLT,2019-08-16
00104352,CT-TST,2023-01-24
00104361,PT-MTR,2023-10-30
00104361,PT-MTR,2026-06-13
00104367,EQ-CND,2020-01-04
00104371,EQUIP-OUT,2019-01-05
00104371,EQ-HTP,2022-03-01
00104376,EQ-CND,2020-09-03
00104377,SP-REF,2021-08-08
00104383,PT-CAP,2024-01-20
00104384,SP-LIN,2024-06-27
00104386,SP-REF,2019-04-23
00104386,PT-CAP,2020-10-29
00104386,SP-REF,2020-11-26
00104393,PT-CMP,2022-08-11
00104399,PT-MTR,2023-12-26
00104400,PT-ELEC,2021-05-04
00104400,PT-CON,2023-05-03
00104408,PT-CON,2023-05-15
00104410,CT-TST,2020-03-31
00104419,EQ-CND,2022-10-16
00104428,CT-TST,2019-09-16
00104430,SP-REF,2021-06-02
00104433,SP-REF,2021-12-16
00104436,SP-REF,2023-04-16
00104436,CT-TST,2023-09-08
00104436,SP-REF,2023-09-15
00104439,PT-MTR,2023-02-13
00104439,PT-CMP,2023-09-03
00104439,PT-MTR,2023-10-26
00104444,SP-LIN,2019-10-20
00104445,CT-TST,2024-02-23
00104449,CT-SEN,2022-10-25
00104454,CT-TST,2021-03-26
00104463,EQ-CND,2023-12-05
00104470,EQ-AHU,2020-01-14
00104471,EQUIP-OUT,2021-12-15
00104471,EQ-CND,2022-11-03
00104478,EQ-HTP,2022-07-17
00104487,EQ-AHU,2024-01-09
00104490,SP-REF,2021-09-11
00104497,CT-SEN,2024-04-19
00104506,SP-FLT,2020-10-16
00104510,SP-REF,2022-09-18
00104512,EQ-FUR,2024-04-03
00104515,PT-CON,2020-06-01
00104522,CT-SEN,2021-02-28
00104524,PT-MTR,2022-05-09
00104529,EQUIP-OUT,2020-10-07
00104529,EQ-CND,2022-11-03
00104530,SP-FLT,2022-03-23
00104538,PT-ELEC,2020-04-02
00104538,PT-CAP,2022-04-22
00104544,CT-TST,2021-08-18
00104553,EQ-HTP,2023-08-27
00104560,CT-SEN,2021-08-11
00104568,EQ-AHU,2020-06-08
00104575,PT-CMP,2022-10-10
00104584,EQ-HTP,2023-05-08
00104593,EQ-FUR,2020-05-27
00104596,PT-CAP,2022-05-23
00104603,SP-REF,2023-02-09
00104606,EQ-CND,2023-04-15
00104611,EQUIP-OUT,2020-07-06
00104611,EQ-HTP,2022-06-19
00104612,PT-MTR,2022-06-18
00104620,PT-MTR,2022-09-04
00104624,SP-LIN,2024-04-16
00104626,SP-FLT,2020-04-25
00104630,PT-CAP,2021-03-12
00104635,SP-LIN,2021-03-31
00104635,PT-CMP,2021-08-21
00104635,SP-LIN,2021-09-20
00104643,PT-ELEC,2021-08-15
00104643,PT-CON,2022-01-09
00104652,PT-CON,2022-02-12
00104657,SP-FLT,2020-11-24
00104665,EQ-HTP,2022-07-31
00104670,PT-ELEC,2020-10-26
00104670,PT-CAP,2022-10-19
00104673,SP-FLT,2023-12-06
00104676,PT-CON,2023-08-19
00104679,PT-MTR,2019-06-26
00104687,PT-CMP,2022-06-16
00104690,EQ-FUR,2022-11-26
00104694,EQ-FUR,2023-02-07
00104700,SP-REF,2019-12-19
00104708,PT-MTR,2019-01-22
00104712,PT-MTR,2019-06-19
00104716,EQ-AHU,2023-12-05
00104722,SP-LIN,2020-08-08
00104730,SP-LIN,2022-03-07
00104734,SP-REF,2022-01-14
00104743,SP-REF,2022-05-24
00104749,PT-CMP,2019-11-04
00104751,SP-REF,2021-07-08
00104758,EQ-FUR,2020-11-02
00104761,EQ-HTP,2024-04-03
00104763,EQ-FUR,2020-03-11
00104765,PT-CMP,2019-07-31
00104768,PT-CMP,2020-04-09
00104770,PT-CON,2024-06-01
00104774,EQ-FUR,2019-07-15
00104781,EQ-FUR,2019-05-21
00104790,EQ-FUR,2020-01-22
00104791,SP-REF,2020-01-19
00104796,PT-ELEC,2021-12-14
00104796,PT-CAP,2023-04-29
00104802,PT-CMP,2019-02-12
00104804,EQ-FUR,2022-10-09
00104808,SP-REF,2024-09-07
00104812,EQUIP-OUT,2020-03-13
00104812,EQ-CND,2023-04-13
00104814,PT-MTR,2019-05-14
00104817,EQ-HTP,2024-03-13
00104824,PT-CON,2024-04-22
00104828,CT-TST,2024-08-03
00104832,PT-CMP,2019-04-30
00104832,SP-REF,2019-08-24
00104832,PT-CMP,2019-10-05
00104841,PT-MTR,2019-04-12
00104843,SP-FLT,2023-02-04
00104846,CT-SEN,2021-11-16
00104850,CT-SEN,2022-04-09
00104858,PT-CMP,2022-02-26
00104863,PT-CMP,2021-03-21
00104863,PT-CMP,2023-04-25
00104868,SP-LIN,2019-12-24
00104876,EQ-CND,2024-08-11
00104884,EQ-CND,2022-11-13
00104887,EQ-CND,2023-10-28
00104892,SP-LIN,2019-07-09
00104892,PT-CAP,2020-07-31
00104892,SP-LIN,2020-09-24
00104896,SP-FLT,2023-01-15
00104904,EQ-FUR,2022-05-10
00104905,EQUIP-OUT,2021-07-24
00104905,EQ-HTP,2022-11-02
00104906,EQ-AHU,2022-01-16
00104907,EQ-CND,2020-09-02
00104911,CT-SEN,2021-05-01
00104920,SP-LIN,2020-04-15
00104922,SP-REF,2019-04-02
00104927,PT-ELEC,2021-09-18
00104927,PT-CAP,2022-07-08
00104930,PT-CMP,2021-07-02
00104930,SP-LIN,2021-12-23
00104930,PT-CMP,2022-01-19
00104938,EQ-CND,2021-12-27
00104946,PT-ELEC,2020-08-22
00104946,PT-CON,2023-01-07
00104951,EQ-CND,2022-10-23
00104960,SP-LIN,2024-08-16
00104964,PT-CMP,2019-10-09
00104968,CT-TST,2023-02-03
00104977,PT-CAP,2023-01-30
00104984,PT-CMP,2020-10-06
00104993,CT-SEN,2020-12-31
00104995,PT-CAP,2019-08-31
00104999,EQ-CND,2023-05-10
00105001,EQ-FUR,2022-02-09
00105002,SP-REF,2019-12-16
00105008,PT-ELEC,2020-08-21
00105008,PT-CON,2023-05-15
00105009,PT-MTR,2022-08-31
00105014,CT-SEN,2022-12-09
00105021,CT-TST,2022-05-14
00105022,EQ-HTP,2024-07-07
00105024,SP-FLT,2023-10-24
00105033,EQ-FUR,2021-01-21
00105037,CT-SEN,2021-10-26
00105038,PT-MTR,2024-07-13
00105046,EQ-HTP,2022-04-19
00105047,SP-LIN,2020-09-30
00105048,CT-SEN,2021-04-12
00105049,EQ-AHU,2020-07-20
00105049,EQ-AHU,2023-10-10
00105055,SP-REF,2023-05-22
00105056,SP-REF,2019-07-03
00105063,EQ-AHU,2019-05-17
00105071,CT-TST,2020-11-03
00105072,SP-FLT,2023-08-05
00105077,PT-CMP,2019-11-04
00105084,SP-LIN,2024-05-26
00105086,SP-FLT,2021-12-07
00105089,EQ-CND,2024-02-05
00105092,PT-MTR,2019-02-24
00105101,PT-MTR,2019-07-01
00105106,SP-REF,2020-04-01
00105109,CT-TST,2020-02-04
00105109,PT-CON,2020-11-14
00105109,CT-TST,2020-12-13
00105112,EQ-FUR,2024-05-19
00105121,PT-CON,2024-06-01
00105121,PT-CON,2026-05-18
00105123,CT-TST,2022-11-28
00105132,CT-SEN,2022-12-29
00105138,SP-FLT,2019-02-11
00105147,SP-FLT,2020-03-04
00105153,SP-LIN,2021-01-12
00105153,EQ-FUR,2021-11-24
00105153,SP-LIN,2021-12-10
00105161,SP-REF,2021-12-17
00105166,EQ-FUR,2023-02-11
00105175,EQUIP-OUT,2021-12-16
00105175,EQ-CND,2022-08-16
00105181,CT-TST,2020-06-15
00105183,PT-CMP,2019-09-23
00105185,SP-LIN,2021-06-20
00105185,SP-LIN,2023-12-20
00105190,EQ-HTP,2023-01-22
00105191,PT-ELEC,2021-12-08
00105191,PT-CAP,2023-04-10
00105195,EQ-HTP,2019-12-04
00105198,EQ-CND,2020-09-28
00105199,SP-LIN,2023-01-29
00105203,EQUIP-OUT,2020-04-06
00105203,EQ-CND,2023-02-12
00105203,SP-REF,2021-01-22
00105203,EQ-CND,2021-03-19
00105210,SP-REF,2019-10-25
00105215,PT-CMP,2019-10-16
00105216,PT-MTR,2022-08-19
00105218,PT-MTR,2022-11-07
00105223,EQ-AHU,2024-09-11
00105223,CT-TST,2026-03-25
00105223,EQ-AHU,2026-05-18
00105224,EQ-HTP,2024-09-20
00105233,PT-CMP,2019-05-15
00105236,CT-SEN,2023-03-03
00105236,EQ-FUR,2024-08-22
00105236,CT-SEN,2024-08-29
00105242,PT-CMP,2019-01-20
00105245,PT-MTR,2021-02-24
00105248,CT-TST,2021-09-27
00105254,PT-ELEC,2021-09-13
00105254,PT-CAP,2022-01-18
00105260,EQ-AHU,2019-08-02
00105268,PT-CMP,2023-12-26
00105271,PT-MTR,2021-09-12
00105280,CT-TST,2019-09-30
00105280,CT-TST,2022-12-15
00105281,EQ-FUR,2019-06-24
00105287,CT-SEN,2023-07-01
00105289,PT-CMP,2019-07-11
00105290,EQ-FUR,2024-05-06
00105290,CT-SEN,2025-12-10
00105290,EQ-FUR,2026-01-22
00105292,EQ-HTP,2020-09-07
00105297,SP-REF,2019-02-04
00105300,EQ-CND,2022-12-21
00105303,PT-CMP,2024-08-12
00105305,EQ-AHU,2022-08-03
00105311,EQ-CND,2024-07-12
00105317,CT-TST,2019-01-30
00105323,EQ-CND,2023-10-01
00105331,CT-TST,2021-07-22
00105337,CT-SEN,2019-11-29
00105345,EQ-AHU,2019-01-07
00105348,PT-MTR,2020-05-31
00105349,CT-TST,2019-06-08
00105353,PT-CMP,2019-06-25
00105357,SP-FLT,2020-06-13
00105360,SP-FLT,2021-03-20
00105368,PT-CON,2024-07-25
00105368,PT-MTR,2025-11-17
00105368,PT-CON,2026-01-15
00105375,EQUIP-OUT,2021-06-01
00105375,EQ-HTP,2022-06-07
00105380,PT-CMP,2020-02-08
00105385,PT-CON,2020-04-08
00105390,EQ-AHU,2020-08-16
00105398,SP-LIN,2021-11-09
00105400,CT-SEN,2022-07-22
00105401,EQ-FUR,2020-04-23
00105405,CT-SEN,2023-09-12
00105407,CT-TST,2019-01-01
00105413,PT-CON,2022-08-19
00105418,EQ-HTP,2020-01-13
00105424,PT-CMP,2019-04-20
00105429,PT-CON,2024-04-01
00105431,PT-ELEC,2019-02-17
00105431,PT-CON,2022-08-22
00105436,EQUIP-OUT,2021-02-27
00105436,EQ-CND,2022-04-15
00105445,PT-MTR,2022-12-06
00105447,EQ-FUR,2022-09-01
00105455,PT-CAP,2023-09-09
00105461,SP-LIN,2023-12-09
00105463,PT-CAP,2022-06-30
00105468,EQUIP-OUT,2020-08-28
00105468,EQ-CND,2022-10-24
00105471,CT-SEN,2024-02-24
00105472,EQUIP-OUT,2021-11-20
00105472,EQ-CND,2022-11-07
00105480,CT-SEN,2022-10-06
00105481,PT-ELEC,2020-04-26
00105481,PT-CAP,2022-07-19
00105487,EQ-HTP,2023-07-21
00105493,PT-CMP,2019-06-24
00105495,SP-LIN,2022-08-30
00105497,SP-LIN,2023-08-11
00105506,EQ-AHU,2024-03-25
00105512,SP-REF,2024-06-14
00105513,EQ-AHU,2021-10-29
00105517,SP-LIN,2022-10-30
00105526,SP-REF,2020-09-13
00105531,SP-LIN,2020-04-05
00105537,PT-CMP,2024-01-23
00105543,PT-ELEC,2021-06-01
00105543,PT-CON,2022-01-30
00105544,EQ-CND,2019-09-14
00105547,CT-TST,2023-11-15
00105549,SP-FLT,2020-01-16
00105549,PT-CAP,2021-07-06
00105549,SP-FLT,2021-08-05
00105555,PT-CMP,2020-11-24
00105561,SP-FLT,2023-11-08
00105561,PT-CAP,2025-03-30
00105561,SP-FLT,2025-05-09
00105567,EQ-AHU,2021-06-27
00105567,EQ-AHU,2023-06-01
00105570,SP-FLT,2022-11-02
00105577,EQ-AHU,2023-06-04
00105580,PT-MTR,2022-02-07
00105583,SP-FLT,2023-04-28
00105585,SP-FLT,2020-11-04
00105594,SP-LIN,2021-05-24
00105595,PT-CAP,2019-10-16
00105600,EQ-CND,2023-03-30
00105604,SP-REF,2023-11-21
00105605,PT-CMP,2019-10-17
00105612,CT-TST,2022-02-26
00105612,SP-REF,2023-01-16
00105612,CT-TST,2023-02-06
00105620,PT-MTR,2022-04-25
00105626,PT-CMP,2023-06-29
00105628,PT-ELEC,2021-01-09
00105628,PT-CON,2022-05-26
00105630,PT-CAP,2022-04-02
00105636,CT-TST,2020-01-10
00105643,SP-LIN,2024-06-07
00105645,CT-TST,2023-03-26
00105651,CT-TST,2019-05-19
00105655,SP-REF,2024-01-12
00105659,SP-LIN,2023-01-31
00105667,PT-CMP,2020-12-27
00105675,CT-SEN,2022-08-31
00105681,SP-LIN,2020-03-05
00105686,SP-LIN,2021-02-04
00105686,PT-MTR,2021-09-28
00105686,SP-LIN,2021-10-12
00105690,EQ-HTP,2023-04-30
00105696,PT-CON,2022-11-02
00105703,PT-CON,2023-04-04
00105704,PT-CON,2022-05-12
00105708,EQ-AHU,2024-08-12
00105714,CT-TST,2022-02-24
00105715,EQ-CND,2023-01-17
00105720,EQUIP-OUT,2019-11-09
00105720,EQ-HTP,2022-03-31
00105721,CT-TST,2023-09-15
00105726,SP-LIN,2020-10-14
00105730,SP-LIN,2019-06-02
00105737,EQ-FUR,2019-09-18
00105745,SP-LIN,2022-10-06
00105747,PT-MTR,2019-08-17
00105747,CT-TST,2019-10-23
00105747,PT-MTR,2019-11-10
00105755,PT-CAP,2024-07-27
00105762,CT-SEN,2022-11-12
00105769,PT-ELEC,2020-03-24
00105769,PT-CON,2022-06-13
00105773,SP-LIN,2021-06-25
00105782,SP-LIN,2021-09-15
00105784,EQUIP-OUT,2021-04-04
00105784,EQ-HTP,2023-05-10
00105787,PT-CMP,2022-05-19
00105787,PT-CMP,2024-11-02
00105789,PT-CMP,2024-08-05
00105790,PT-MTR,2021-10-19
00105793,PT-CAP,2024-04-08
00105794,CT-TST,2019-03-07
00105797,CT-SEN,2020-04-17
00105797,CT-SEN,2023-03-31
00105802,EQ-HTP,2020-11-01
00105809,SP-FLT,2022-07-16
00105810,PT-ELEC,2019-01-20
00105810,PT-CAP,2022-03-19
00105813,PT-ELEC,2019-12-11
00105813,PT-CON,2022-09-02
00105817,PT-CON,2020-09-16
00105824,SP-FLT,2023-11-23
00105832,SP-REF,2021-11-11
00105841,SP-REF,2021-07-29
00105849,EQ-FUR,2020-08-09
00105858,SP-REF,2022-03-08
00105867,CT-SEN,2023-03-21
00105869,CT-TST,2023-06-16
00105875,EQ-AHU,2020-03-10
00105881,PT-CON,2022-11-19
00105885,PT-CAP,2022-02-12
00105888,SP-REF,2022-02-16
00105889,PT-CMP,2024-05-12
00105895,PT-CON,2023-06-22
00105896,CT-TST,2019-11-20
00105904,CT-SEN,2024-02-15
00105904,PT-CON,2025-06-02
00105904,CT-SEN,2025-06-06
00105911,EQ-FUR,2019-12-09
00105911,PT-CMP,2021-03-30
00105911,EQ-FUR,2021-05-15
00105916,PT-ELEC,2020-07-31
00105916,PT-CAP,2022-08-14
00105917,PT-CMP,2020-03-14
00105920,SP-FLT,2021-01-28
00105929,PT-CMP,2019-08-06
00105933,PT-CMP,2024-02-07
00105933,PT-CMP,2026-02-10
00105935,PT-CMP,2025-02-02
00105942,PT-MTR,2023-06-16
00105951,EQ-CND,2020-04-30
00105954,PT-CAP,2024-03-05
00105959,PT-MTR,2024-03-04
00105959,CT-SEN,2024-06-10
00105959,PT-MTR,2024-07-19
00105963,SP-REF,2023-08-31
00105972,SP-REF,2024-05-25
00105981,EQ-AHU,2021-09-28
00105985,CT-TST,2023-02-26
00105990,PT-CMP,2021-06-06
00105991,SP-REF,2024-06-12
00105992,SP-FLT,2023-01-08
00106000,EQ-FUR,2019-12-01
00106004,EQ-HTP,2022-06-21
00106013,PT-MTR,2023-04-12
00106014,PT-CON,2022-10-11
00106020,EQ-HTP,2019-02-20
00106028,SP-LIN,2021-01-11
00106033,SP-FLT,2024-08-28
00106035,EQ-CND,2024-04-05
00106039,EQUIP-OUT,2021-08-17
00106039,EQ-CND,2023-03-11
00106041,CT-SEN,2022-07-30
00106050,EQ-CND,2022-08-19
00106056,CT-TST,2024-03-26
00106064,EQ-FUR,2023-12-25
00106070,EQ-CND,2024-08-31
00106070,EQ-AHU,2026-04-11
00106070,EQ-CND,2026-05-25
00106074,EQUIP-OUT,2020-09-21
00106074,EQ-CND,2022-01-26
00106078,EQ-CND,2021-09-22
00106085,EQ-FUR,2023-12-12
00106093,SP-FLT,2023-02-01
00106093,SP-FLT,2025-01-06
00106096,PT-CMP,2021-11-20
00106098,PT-CAP,2023-01-05
00106105,CT-TST,2022-11-13
00106108,SP-FLT,2023-12-21
00106110,EQ-AHU,2020-12-25
00106111,SP-REF,2022-10-29
00106116,SP-REF,2020-07-27
00106117,PT-CON,2022-05-08
00106125,PT-ELEC,2021-10-23
00106125,PT-CAP,2023-04-20
00106134,EQUIP-OUT,2019-08-31
00106134,EQ-CND,2023-02-26
00106136,SP-REF,2020-02-25
00106137,PT-MTR,2024-04-07
00106146,EQ-AHU,2023-10-09
00106147,EQ-FUR,2021-02-05
00106154,EQ-FUR,2024-03-09
00106155,SP-LIN,2019-05-26
00106158,PT-CAP,2023-11-30
00106161,PT-CMP,2021-06-26
00106167,PT-MTR,2021-03-31
00106167,PT-MTR,2023-06-01
00106171,CT-TST,2020-05-15
00106176,SP-FLT,2023-04-28
00106180,SP-REF,2022-11-12
00106182,EQ-CND,2024-07-11
00106185,PT-CMP,2021-05-19
00106194,PT-MTR,2023-01-07
00106198,EQ-HTP,2023-12-09
00106206,CT-TST,2021-09-06
00106215,PT-ELEC,2020-03-26
00106215,PT-CON,2022-05-17
00106223,PT-ELEC,2020-06-20
00106223,PT-CON,2023-03-10
00106225,PT-CMP,2023-01-04
00106231,PT-CAP,2024-01-05
00106237,CT-TST,2019-03-26
00106241,SP-REF,2021-02-09
00106250,PT-ELEC,2019-04-08
00106250,PT-CON,2022-03-31
00106254,PT-ELEC,2020-02-27
00106254,PT-CAP,2022-05-25
00106260,SP-LIN,2019-05-13
00106269,EQUIP-OUT,2021-01-21
00106269,EQ-HTP,2022-07-23
00106278,SP-REF,2022-11-29
00106279,PT-CMP,2021-06-12
00106287,CT-SEN,2021-02-22
00106289,EQ-HTP,2019-03-18
00106296,SP-LIN,2021-05-22
00106297,EQ-CND,2023-10-18
00106306,CT-SEN,2020-06-17
00106310,SP-FLT,2024-01-19
00106313,EQ-CND,2023-11-25
00106319,EQUIP-OUT,2019-06-25
00106319,EQ-CND,2022-02-04
00106319,EQ-CND,2021-05-26
00106323,EQUIP-OUT,2019-11-16
00106323,EQ-CND,2022-12-07
00106324,PT-MTR,2019-05-07
00106327,EQ-AHU,2020-05-29
00106329,EQ-AHU,2022-09-24
00106329,PT-CAP,2024-05-01
00106329,EQ-AHU,2024-06-12
00106333,EQ-AHU,2020-07-29
00106339,EQ-AHU,2023-06-11
00106348,EQ-AHU,2024-07-14
00106352,PT-CMP,2021-06-23
00106358,SP-LIN,2023-04-05
00106364,EQ-AHU,2023-08-06
00106371,EQ-FUR,2020-10-18
00106371,SP-FLT,2021-02-24
00106371,EQ-FUR,2021-03-18
00106373,CT-TST,2021-08-14
00106376,EQ-CND,2020-07-10
00106380,EQUIP-OUT,2020-12-06
00106380,EQ-CND,2023-04-09
00106380,EQ-CND,2023-10-24
00106388,SP-REF,2023-04-03
00106393,EQ-AHU,2023-06-11
00106395,PT-CMP,2020-04-26
00106398,SP-LIN,2022-10-08
00106403,PT-CMP,2023-03-13
00106410,EQUIP-OUT,2021-05-25
00106410,EQ-HTP,2022-04-20
00106410,CT-TST,2022-01-21
00106410,EQ-HTP,2022-02-27
00106412,PT-CMP,2023-03-01
00106418,PT-MTR,2022-05-01
00106426,PT-MTR,2022-12-30
00106434,CT-TST,2023-07-04
00106440,EQUIP-OUT,2019-05-02
00106440,EQ-HTP,2022-09-02
00106448,PT-CMP,2021-06-27
00106450,CT-SEN,2021-02-20
00106450,SP-LIN,2021-05-02
00106450,CT-SEN,2021-06-06
00106454,PT-ELEC,2021-12-30
00106454,PT-CAP,2022-01-26
00106459,SP-REF,2022-07-28
00106460,PT-ELEC,2021-08-10
00106460,PT-CAP,2022-07-26
00106465,EQ-FUR,2022-05-03
00106465,SP-LIN,2023-05-25
00106465,EQ-FUR,2023-06-13
00106474,PT-CAP,2024-09-29
00106482,PT-CAP,2019-06-16
00106485,PT-CON,2019-04-02
00106485,SP-REF,2020-07-04
00106485,PT-CON,2020-07-13
00106491,CT-SEN,2023-02-26
00106498,PT-CAP,2023-08-09
00106502,PT-ELEC,2021-07-13
00106502,PT-CON,2022-12-23
00106510,SP-LIN,2019-08-26
00106511,SP-REF,2022-11-03
00106516,CT-SEN,2021-10-25
00106522,SP-FLT,2024-07-09
00106530,SP-FLT,2022-05-31
00106533,EQ-AHU,2024-05-22
00106534,SP-FLT,2020-07-17
00106539,SP-FLT,2021-08-20
00106542,CT-SEN,2022-10-18
00106543,SP-REF,2023-09-24
00106547,SP-REF,2024-06-08
00106553,EQ-CND,2021-04-18
00106562,SP-REF,2024-05-25
00106570,EQ-CND,2021-07-02
00106577,SP-FLT,2021-06-08
00106581,SP-FLT,2021-03-27
00106586,SP-FLT,2021-10-08
00106589,PT-CON,2023-10-31
00106596,PT-MTR,2021-03-04
00106597,EQ-FUR,2023-12-13
00106598,SP-REF,2022-06-26
00106606,EQ-AHU,2021-03-10
00106606,EQ-AHU,2023-08-15
00106607,PT-CMP,2019-02-15
00106609,EQ-HTP,2022-11-17
00106610,PT-CAP,2020-01-01
00106619,PT-CON,2024-02-05
00106623,SP-REF,2019-12-24
00106632,SP-FLT,2024-07-21
00106639,PT-MTR,2021-10-18
00106640,PT-ELEC,2021-08-29
00106640,PT-CON,2022-09-21
00106643,CT-TST,2024-01-29
00106643,PT-MTR,2025-03-22
00106643,CT-TST,2025-04-26
00106645,PT-CON,2023-06-19
00106653,EQUIP-OUT,2020-03-09
00106653,EQ-HTP,2023-02-11
00106655,EQ-FUR,2023-07-15
00106663,PT-CON,2020-07-21
00106668,PT-CON,2023-02-09
00106669,PT-CON,2022-02-17
00106677,SP-LIN,2022-03-01
00106680,PT-ELEC,2020-12-20
00106680,PT-CON,2023-05-05
00106688,CT-TST,2021-05-13
00106689,CT-TST,2022-07-05
00106693,EQ-HTP,2022-04-22
00106699,SP-FLT,2023-12-24
00106705,SP-LIN,2020-08-13
00106714,SP-FLT,2020-08-30
00106719,EQ-FUR,2021-07-04
00106722,EQ-HTP,2021-08-14
00106725,EQ-AHU,2019-04-24
00106729,EQ-FUR,2021-01-31
00106736,PT-MTR,2020-03-23
00106743,EQUIP-OUT,2019-01-22
00106743,EQ-CND,2023-05-09
00106748,SP-FLT,2024-09-30
00106757,CT-SEN,2022-07-24
00106764,CT-TST,2024-09-16
00106766,EQ-CND,2022-11-29
00106767,SP-FLT,2023-06-04
00106769,SP-FLT,2020-08-31
00106772,CT-TST,2020-07-28
00106780,EQUIP-OUT,2021-09-25
00106780,EQ-HTP,2022-02-25
00106780,PT-CAP,2022-05-26
00106780,EQ-HTP,2022-06-18
00106783,PT-CON,2021-08-12
00106789,EQ-HTP,2019-02-16
00106796,PT-CAP,2024-10-01
00106803,SP-REF,2024-06-14
00106806,PT-MTR,2020-05-06
00106814,CT-TST,2021-08-28
00106818,SP-FLT,2020-07-16
00106827,SP-FLT,2020-11-23
00106832,EQUIP-OUT,2019-01-04
00106832,EQ-HTP,2022-06-29
00106841,SP-LIN,2024-05-13
00106849,PT-CMP,2021-06-12
00106852,EQ-CND,2024-07-27
00106856,EQ-FUR,2022-02-15
00106862,EQ-FUR,2024-01-15
00106866,SP-LIN,2020-07-30
00106868,PT-CAP,2022-02-18
00106874,PT-MTR,2019-01-03
00106875,EQUIP-OUT,2020-03-25
00106875,EQ-CND,2022-06-27
00106876,EQ-CND,2023-12-13
00106878,PT-CAP,2024-01-20
00106885,EQ-FUR,2023-08-21
00106893,EQUIP-OUT,2021-06-27
00106893,EQ-CND,2022-10-15
00106895,EQUIP-OUT,2021-09-24
00106895,EQ-CND,2022-05-25
00106898,CT-SEN,2021-01-08
00106903,CT-SEN,2021-06-18
00106908,EQ-HTP,2022-11-02
00106917,EQ-HTP,2023-09-07
00106919,EQ-AHU,2022-08-30
00106921,CT-TST,2021-11-28
00106924,EQ-CND,2023-06-25
00106927,CT-TST,2023-10-27
00106935,CT-TST,2019-04-24
00106939,EQUIP-OUT,2021-09-06
00106939,EQ-CND,2022-01-02
00106942,EQ-CND,2022-02-17
00106943,CT-SEN,2021-02-05
00106944,EQ-FUR,2019-05-22
00106947,CT-SEN,2023-05-29
00106950,CT-TST,2021-01-23
00106956,SP-LIN,2019-02-26
00106956,EQ-HTP,2020-02-09
00106956,SP-LIN,2020-03-11
00106959,SP-FLT,2020-10-16
00106966,PT-ELEC,2020-07-14
00106966,PT-CAP,2022-02-04
00106969,CT-SEN,2020-01-13
00106972,PT-CMP,2022-09-26
00106972,EQ-CND,2023-11-06
00106972,PT-CMP,2023-12-11
00106976,PT-CMP,2023-06-28
00106985,EQ-CND,2022-02-27
00106993,EQ-CND,2022-11-16
00106998,SP-LIN,2020-03-31
00107001,PT-CON,2022-02-19
00107006,SP-LIN,2021-04-16
00107008,EQ-CND,2019-06-07
00107016,EQ-HTP,2022-09-10
00107023,EQ-AHU,2022-09-07
00107024,EQ-CND,2023-09-13
00107032,SP-REF,2023-12-12
00107034,EQ-AHU,2019-04-30
00107038,PT-ELEC,2021-11-20
00107038,PT-CON,2022-08-28
00107045,CT-SEN,2020-11-25
00107051,EQ-FUR,2022-09-07
00107058,SP-LIN,2019-03-16
00107063,EQUIP-OUT,2020-07-12
00107063,EQ-HTP,2022-04-09
00107065,EQ-AHU,2021-04-18
00107071,PT-MTR,2021-11-26
00107072,EQ-HTP,2023-02-17
00107076,SP-REF,2024-02-20
00107084,PT-MTR,2020-05-24
00107093,SP-LIN,2023-06-12
00107094,SP-FLT,2023-06-05
00107101,PT-MTR,2023-06-22
00107106,EQUIP-OUT,2021-11-14
00107106,EQ-HTP,2022-10-29
00107109,PT-ELEC,2020-05-02
00107109,PT-CON,2022-03-13
00107109,PT-MTR,2021-05-07
00107109,PT-CON,2021-05-27
00107113,PT-CMP,2019-03-28
00107121,SP-FLT,2021-10-27
00107125,CT-SEN,2019-11-07
00107127,EQ-AHU,2024-01-21
00107129,EQ-CND,2022-10-28
00107133,SP-FLT,2023-06-06
00107141,PT-ELEC,2021-04-12
00107141,PT-CAP,2023-01-11
00107148,SP-REF,2023-12-15
00107157,EQ-AHU,2022-11-26
00107159,PT-CAP,2024-05-18
00107163,CT-SEN,2019-08-09
00107168,EQ-AHU,2022-01-20
00107170,PT-ELEC,2021-11-30
00107170,PT-CAP,2022-03-16
00107170,EQ-FUR,2022-09-30
00107170,PT-CAP,2022-10-31
00107172,EQ-HTP,2023-12-11
00107174,EQ-AHU,2024-03-22
00107178,PT-CON,2023-05-03
00107185,EQ-HTP,2023-07-20
00107188,CT-SEN,2021-01-30
00107194,PT-CMP,2024-02-25
00107197,PT-MTR,2023-03-29
00107205,PT-CAP,2022-01-29
00107205,SP-LIN,2022-10-16
00107205,PT-CAP,2022-10-26
00107207,SP-REF,2022-11-09
00107210,PT-MTR,2021-07-27
00107213,PT-MTR,2022-04-13
00107222,PT-MTR,2022-08-21
00107226,EQ-AHU,2023-03-22
00107228,EQ-AHU,2023-03-31
00107231,PT-MTR,2021-06-28
00107238,CT-TST,2022-02-15
00107246,CT-TST,2022-04-07
00107253,SP-FLT,2020-12-16
00107261,SP-LIN,2021-06-02
00107269,SP-LIN,2022-05-26
00107278,PT-MTR,2022-12-15
00107280,EQ-FUR,2024-01-04
00107289,SP-LIN,2020-01-05
00107295,SP-LIN,2020-05-14
00107299,EQ-FUR,2021-04-04
00107303,EQ-FUR,2021-12-11
00107303,SP-FLT,2022-10-02
00107303,EQ-FUR,2022-11-14
00107307,EQ-HTP,2024-05-04
00107313,CT-TST,2023-04-12
00107319,SP-FLT,2022-09-18
00107323,CT-TST,2020-11-15
00107326,EQUIP-OUT,2019-04-16
00107326,EQ-HTP,2023-01-12
00107329,PT-CON,2024-04-08
00107330,SP-REF,2020-08-23
00107339,CT-SEN,2022-07-30
00107343,PT-CMP,2023-04-18
00107346,PT-MTR,2019-12-11
00107353,EQ-CND,2023-07-14
00107353,EQ-CND,2025-11-22
00107360,SP-REF,2023-07-15
00107365,PT-CMP,2024-03-02
00107373,PT-CMP,2022-05-27
00107374,PT-CMP,2023-05-18
00107376,EQ-CND,2021-06-20
00107379,SP-REF,2023-07-01
00107385,EQ-HTP,2019-07-19
00107389,EQUIP-OUT,2019-07-13
00107389,EQ-HTP,2022-12-01
00107391,SP-FLT,2024-09-06
00107399,PT-MTR,2023-05-13
00107403,EQ-HTP,2024-07-30
00107404,CT-SEN,2022-05-15
00107409,SP-FLT,2023-01-10
00107410,EQUIP-OUT,2021-11-29
00107410,EQ-CND,2022-05-20
00107415,PT-CON,2019-05-23
00107416,EQ-HTP,2022-07-11
00107422,EQ-HTP,2024-02-26
00107427,PT-CAP,2023-06-06
00107434,PT-CAP,2023-06-25
00107442,EQ-HTP,2023-08-06
00107451,CT-TST,2019-01-19
00107458,EQ-AHU,2024-09-17
00107459,CT-SEN,2021-02-01
00107461,SP-REF,2022-12-09
00107468,CT-TST,2024-01-04
00107474,CT-TST,2024-11-27
00107476,SP-REF,2019-08-27
00107478,SP-FLT,2023-09-12
00107483,PT-CAP,2024-09-09
00107484,PT-ELEC,2019-02-20
00107484,PT-CAP,2022-09-18
00107493,PT-CMP,2021-07-19
00107494,SP-FLT,2019-05-02
00107502,SP-REF,2024-09-12
00107505,CT-SEN,2019-11-09
00107509,SP-FLT,2019-05-10
00107512,EQ-AHU,2019-04-15
00107513,EQ-CND,2024-04-13
00107521,PT-CMP,2019-11-06
00107528,SP-FLT,2024-02-26
00107532,PT-ELEC,2019-08-10
00107532,PT-CAP,2023-01-21
00107540,CT-SEN,2023-04-09
00107549,PT-MTR,2024-04-05
00107553,SP-LIN,2021-02-28
00107558,PT-MTR,2023-10-13
00107560,EQ-HTP,2023-09-14
00107568,CT-SEN,2023-04-23
00107577,EQ-AHU,2022-02-18
00107586,SP-FLT,2023-06-27
00107592,EQUIP-OUT,2021-06-19
00107592,EQ-CND,2022-09-11
00107599,CT-SEN,2024-06-28
00107606,SP-REF,2021-07-20
00107607,SP-REF,2020-07-06
00107607,CT-SEN,2022-01-12
00107607,SP-REF,2022-01-17
00107612,EQ-AHU,2022-03-12
00107616,PT-ELEC,2021-09-04
00107616,PT-CAP,2022-11-16
00107622,EQ-HTP,2022-07-31
00107627,SP-FLT,2019-01-29
00107634,SP-REF,2019-08-20
00107635,EQ-AHU,2020-04-27
00107643,PT-CMP,2024-01-13
00107645,PT-CON,2022-06-25
00107654,PT-MTR,2020-02-08
00107662,PT-CMP,2021-09-16
00107669,SP-FLT,2020-05-21
00107676,EQ-FUR,2023-01-20
00107677,PT-CAP,2023-12-26
00107686,CT-SEN,2024-08-09
00107688,CT-SEN,2020-04-18
00107688,PT-CMP,2021-07-27
00107688,CT-SEN,2021-08-06
00107696,CT-TST,2021-03-05
00107702,SP-REF,2021-12-31
00107707,PT-MTR,2022-10-11
00107713,EQ-FUR,2024-03-06
00107716,PT-CON,2022-07-29
00107719,PT-CON,2023-08-28
00107724,SP-REF,2021-03-25
00107725,CT-TST,2023-11-04
00107732,SP-FLT,2023-07-18
00107732,PT-CMP,2024-11-15
00107732,SP-FLT,2024-12-07
00107739,EQ-FUR,2022-04-17
00107741,EQUIP-OUT,2020-08-26
00107741,EQ-CND,2023-03-01
00107750,PT-CMP,2024-03-08
00107755,EQ-CND,2022-10-05
00107764,EQ-AHU,2020-02-05
00107764,PT-CON,2021-05-11
00107764,EQ-AHU,2021-07-08
00107773,EQ-FUR,2022-12-12
00107775,PT-ELEC,2021-12-03
00107775,PT-CON,2022-07-02
00107779,PT-CON,2022-11-22
00107784,PT-CON,2023-05-29
00107792,EQUIP-OUT,2021-05-07
00107792,EQ-HTP,2022-03-01
00107799,EQ-AHU,2021-10-30
00107801,EQ-AHU,2022-08-29
00107805,PT-MTR,2019-06-08
00107805,EQ-HTP,2020-05-09
00107805,PT-MTR,2020-07-05
00107814,PT-ELEC,2019-03-12
00107814,PT-CON,2023-04-18
00107818,EQUIP-OUT,2021-05-25
00107818,EQ-HTP,2023-04-10
00107826,EQ-FUR,2020-12-31
00107828,EQ-AHU,2019-11-26
00107837,SP-LIN,2021-02-03
00107842,PT-MTR,2020-10-09
00107847,SP-LIN,2023-07-01
00107854,PT-ELEC,2021-11-29
00107854,PT-CON,2022-07-11
00107855,EQ-CND,2024-02-01
00107863,PT-MTR,2021-05-09
00107872,PT-CMP,2020-03-11
00107877,CT-SEN,2020-03-31
00107885,EQUIP-OUT,2020-11-10
00107885,EQ-HTP,2022-04-25
00107890,CT-SEN,2019-06-20
00107891,SP-LIN,2019-09-27
00107899,SP-REF,2024-09-04
00107903,EQ-FUR,2019-10-09
00107909,CT-TST,2019-01-10
00107918,PT-CMP,2021-02-25
00107927,SP-REF,2020-04-21
00107931,SP-FLT,2022-10-04
00107935,CT-SEN,2023-04-06
00107939,EQ-FUR,2019-03-03
00107939,PT-CAP,2020-07-01
00107939,EQ-FUR,2020-07-24
00107942,EQ-CND,2022-03-11
00107942,EQ-CND,2024-07-11
00107945,SP-LIN,2019-02-08
00107947,CT-TST,2019-09-06
00107947,EQ-FUR,2020-02-19
00107947,CT-TST,2020-03-10
00107953,PT-CMP,2023-12-16
00107955,EQ-AHU,2022-07-21
00107955,PT-MTR,2023-10-22
00107955,EQ-AHU,2023-12-21
00107964,EQ-FUR,2019-06-28
00107967,SP-FLT,2024-03-22
00107972,SP-FLT,2024-10-18
00107974,SP-FLT,2023-04-13
00107975,PT-ELEC,2021-12-21
00107975,PT-CON,2023-04-30
00107981,PT-CON,2024-01-11
00107989,PT-MTR,2023-10-23
00107991,PT-CAP,2023-10-16
00107991,PT-CMP,2025-01-21
00107991,PT-CAP,2025-03-07
00107997,SP-FLT,2020-04-10
00107997,CT-TST,2020-07-26
00107997,SP-FLT,2020-08-23
00108003,SP-FLT,2024-04-11
00108004,SP-FLT,2022-06-10
00108013,SP-FLT,2021-04-09
00108016,PT-ELEC,2019-02-01
00108016,PT-CON,2022-04-28
00108023,PT-ELEC,2019-08-01
00108023,PT-CAP,2022-02-24
00108030,PT-CMP,2020-08-01
00108035,SP-FLT,2020-01-31
00108036,PT-CAP,2021-02-15
00108037,PT-CAP,2021-04-16
00108042,PT-ELEC,2019-07-16
00108042,PT-CAP,2022-11-22
00108047,CT-TST,2024-01-29
00108048,CT-TST,2024-06-01
00108057,PT-ELEC,2021-02-18
00108057,PT-CON,2022-06-21
00108065,SP-REF,2023-07-16
00108067,SP-LIN,2022-11-21
00108073,CT-TST,2023-12-04
00108080,PT-CMP,2023-10-31
00108083,EQ-FUR,2019-10-02
00108089,EQ-AHU,2019-06-12
00108091,CT-SEN,2024-05-02
00108091,PT-CMP,2024-10-24
00108091,CT-SEN,2024-11-08
00108094,PT-ELEC,2020-07-29
00108094,PT-CAP,2022-05-26
00108099,EQ-FUR,2023-04-15
00108106,SP-FLT,2024-06-16
00108108,CT-SEN,2021-05-19
00108117,EQ-CND,2022-06-15
00108122,PT-ELEC,2020-10-24
00108122,PT-CAP,2022-01-18
00108126,PT-ELEC,2019-05-08
00108126,PT-CAP,2022-09-03
00108129,PT-CON,2023-03-19
00108129,EQ-HTP,2023-10-23
00108129,PT-CON,2023-11-17
00108131,EQ-AHU,2021-06-01
00108139,EQ-AHU,2021-11-05
00108142,EQ-CND,2022-01-23
00108148,PT-CAP,2023-07-11
00108148,CT-SEN,2023-11-25
00108148,PT-CAP,2024-01-19
00108152,SP-REF,2020-10-10
00108159,EQ-HTP,2023-12-18
00108161,EQ-AHU,2020-02-23
00108162,EQ-FUR,2023-03-25
00108169,PT-MTR,2022-08-27
00108173,EQ-FUR,2019-09-01
00108181,PT-CON,2020-11-21
00108188,CT-SEN,2019-04-16
00108189,EQ-HTP,2022-05-19
00108196,EQ-HTP,2023-06-03
00108205,SP-LIN,2022-06-30
00108208,PT-CMP,2022-05-09
00108212,EQ-AHU,2019-10-14
00108215,SP-FLT,2023-04-10
00108223,SP-FLT,2023-10-02
00108225,EQ-AHU,2021-03-03
00108231,SP-LIN,2021-06-17
00108239,PT-CMP,2023-10-20
00108241,PT-ELEC,2019-01-23
00108241,PT-CON,2022-05-27
00108246,EQUIP-OUT,2020-01-11
00108246,EQ-CND,2022-06-12
00108251,SP-LIN,2019-12-22
00108258,PT-MTR,2023-11-19
00108258,PT-MTR,2026-03-12
00108260,PT-CMP,2024-05-26
00108264,SP-REF,2019-05-18
00108265,PT-MTR,2023-10-13
00108274,SP-REF,2020-09-09
00108275,EQUIP-OUT,2019-02-14
00108275,EQ-HTP,2022-05-19
00108283,EQ-FUR,2021-01-05
00108287,SP-FLT,2020-07-25
00108294,EQ-AHU,2023-03-09
00108295,EQ-HTP,2019-07-07
00108296,EQ-FUR,2022-12-03
00108300,CT-SEN,2021-03-19
00108303,PT-CAP,2023-10-12
00108304,EQUIP-OUT,2021-01-26
00108304,EQ-HTP,2023-04-24
00108309,SP-REF,2020-12-29
00108316,EQ-AHU,2022-12-25
00108324,EQ-AHU,2024-01-22
00108328,CT-TST,2023-07-11
00108328,CT-TST,2025-06-24
00108337,CT-TST,2023-11-10
00108342,EQ-FUR,2020-04-08
00108350,PT-ELEC,2021-10-01
00108350,PT-CAP,2022-01-03
00108358,PT-MTR,2021-02-02
00108358,SP-FLT,2021-11-14
00108358,PT-MTR,2021-12-18
00108359,EQ-AHU,2021-04-01
00108363,PT-ELEC,2021-07-29
00108363,PT-CAP,2023-03-26
00108364,PT-MTR,2023-11-14
00108367,PT-CON,2022-02-12
00108372,CT-TST,2023-10-25
00108372,CT-TST,2025-10-22
00108374,EQ-FUR,2019-08-15
00108375,EQ-HTP,2023-12-12
00108381,SP-LIN,2022-06-28
00108384,PT-MTR,2019-09-28
00108392,CT-SEN,2022-02-22
00108397,EQ-HTP,2022-05-25
00108405,PT-CMP,2024-05-20
00108407,EQ-CND,2023-07-06
00108411,SP-REF,2019-11-23
00108414,PT-ELEC,2019-01-19
00108414,PT-CAP,2023-02-23
00108423,PT-MTR,2022-12-23
00108427,CT-SEN,2022-02-16
00108433,EQ-CND,2019-02-04
00108435,SP-LIN,2020-05-30
00108444,PT-CMP,2020-04-16
00108447,PT-MTR,2019-09-23
00108450,CT-SEN,2020-07-24
00108452,SP-FLT,2020-08-18
00108461,SP-REF,2023-02-27
00108465,CT-SEN,2020-12-04
00108474,PT-CMP,2024-06-05
00108478,PT-CON,2021-04-10
00108484,PT-MTR,2020-04-30
00108491,PT-CON,2023-12-15
00108499,SP-LIN,2019-01-25
00108499,SP-LIN,2022-02-22
00108502,PT-CAP,2024-04-04
00108505,CT-TST,2022-11-22
00108514,EQ-HTP,2023-07-13
00108518,PT-MTR,2019-12-28
00108527,PT-ELEC,2020-01-28
00108527,PT-CAP,2023-03-12
00108533,PT-MTR,2021-10-01
00108537,PT-CON,2022-08-06
00108542,EQUIP-OUT,2020-09-29
00108542,EQ-HTP,2023-01-21
00108546,EQ-HTP,2022-05-27
00108551,EQ-HTP,2022-07-16
00108554,PT-CMP,2022-01-26
00108556,CT-TST,2019-12-26
00108557,PT-MTR,2024-08-28
00108566,PT-ELEC,2021-12-10
00108566,PT-CON,2022-03-07
00108574,SP-REF,2022-06-30
00108581,PT-CAP,2024-01-28
00108585,PT-CON,2023-06-25
00108593,SP-REF,2021-02-08
00108594,EQ-CND,2024-02-14
00108596,PT-CMP,2022-06-22
00108603,SP-LIN,2024-02-10
00108611,EQUIP-OUT,2021-04-26
00108611,EQ-CND,2022-07-29
00108612,EQ-FUR,2021-01-12
00108612,EQ-FUR,2022-12-29
00108621,SP-FLT,2022-05-29
00108625,EQ-AHU,2021-02-18
00108626,PT-CMP,2024-09-30
00108634,SP-LIN,2021-09-05
00108640,EQ-HTP,2024-05-03
00108649,EQ-HTP,2024-07-07
00108658,EQUIP-OUT,2020-11-22
00108658,EQ-HTP,2022-04-18
00108661,EQUIP-OUT,2021-03-12
00108661,EQ-HTP,2023-01-19
00108668,PT-MTR,2021-03-17
00108677,CT-SEN,2019-11-07
00108678,CT-SEN,2022-05-29
00108678,SP-REF,2023-05-02
00108678,CT-SEN,2023-06-29
00108683,EQ-AHU,2024-08-22
00108689,PT-MTR,2020-05-25
00108694,PT-CMP,2020-01-15
00108695,EQ-FUR,2020-12-29
00108695,PT-CMP,2022-02-10
00108695,EQ-FUR,2022-04-04
00108699,EQUIP-OUT,2020-02-02
00108699,EQ-HTP,2022-03-18
00108702,PT-CAP,2022-10-04
00108704,SP-FLT,2021-12-20
00108707,EQ-HTP,2019-10-20
00108709,EQ-CND,2020-05-28
00108711,EQUIP-OUT,2021-04-04
00108711,EQ-CND,2023-01-14
00108718,PT-ELEC,2021-12-05
00108718,PT-CAP,2022-07-06
00108723,PT-ELEC,2020-01-16
00108723,PT-CON,2022-03-27
00108727,CT-TST,2022-08-30
00108727,CT-TST,2024-11-10
00108732,EQ-CND,2022-07-19
00108736,PT-CON,2022-11-05
00108745,EQ-AHU,2019-06-14
00108754,PT-CON,2021-05-27
00108758,CT-SEN,2022-02-17
00108764,EQ-AHU,2022-04-08
00108768,PT-MTR,2019-07-15
00108775,CT-SEN,2020-01-08
00108778,PT-MTR,2019-06-20
00108784,EQUIP-OUT,2020-07-27
00108784,EQ-HTP,2022-07-24
00108793,EQUIP-OUT,2021-08-25
00108793,EQ-HTP,2023-02-27
00108799,PT-CAP,2024-06-17
00108808,EQ-AHU,2023-06-25
00108810,CT-SEN,2021-03-30
00108819,EQ-HTP,2022-01-21
00108821,EQ-CND,2021-09-11
00108824,CT-SEN,2022-01-23
00108828,PT-ELEC,2021-03-14
00108828,PT-CAP,2022-01-06
00108835,EQ-HTP,2024-01-14
00108841,SP-REF,2019-02-26
00108847,PT-MTR,2021-12-26
00108850,EQUIP-OUT,2020-06-13
00108850,EQ-HTP,2023-03-12
00108855,SP-FLT,2022-06-29
00108860,SP-FLT,2023-05-01
00108866,EQ-CND,2023-05-05
00108873,EQ-HTP,2020-08-18
00108874,EQUIP-OUT,2021-05-09
00108874,EQ-HTP,2022-12-10
00108877,CT-TST,2020-05-20
00108886,CT-SEN,2021-07-31
00108889,PT-CAP,2020-09-22
00108896,EQ-HTP,2021-06-04
00108901,SP-REF,2021-07-02
00108906,EQ-HTP,2024-09-26
00108914,SP-LIN,2022-04-26
00108920,EQ-HTP,2022-02-19
00108922,EQUIP-OUT,2019-06-29
00108922,EQ-CND,2022-06-14
00108926,SP-REF,2020-04-09
00108932,PT-ELEC,2020-10-03
00108932,PT-CON,2023-03-19
00108939,PT-CMP,2021-09-25
00108945,CT-SEN,2022-11-25
00108948,EQ-HTP,2019-12-20
00108948,EQ-CND,2020-04-14
00108948,EQ-HTP,2020-05-07
00108953,EQUIP-OUT,2021-07-02
00108953,EQ-HTP,2023-01-25
00108962,CT-SEN,2019-05-24
00108967,PT-MTR,2021-10-25
00108975,CT-SEN,2023-12-10
00108977,EQ-HTP,2022-10-31
00108977,PT-CON,2024-05-12
00108977,EQ-HTP,2024-07-02
00108983,EQ-CND,2023-09-07
00108986,CT-TST,2019-08-03
00108994,SP-FLT,2023-04-10
00109003,EQUIP-OUT,2020-09-25
00109003,EQ-HTP,2022-07-17
00109004,EQ-HTP,2023-02-28
00109005,CT-SEN,2023-03-01
00109009,PT-CMP,2019-05-24
00109016,PT-MTR,2021-01-16
00109025,SP-FLT,2024-04-23
00109027,SP-REF,2023-01-08
00109029,EQ-CND,2022-02-07
00109037,PT-ELEC,2019-03-29
00109037,PT-CON,2022-05-26
00109043,PT-ELEC,2021-11-01
00109043,PT-CON,2022-03-25
00109052,PT-ELEC,2019-09-26
00109052,PT-CON,2023-02-08
00109055,PT-MTR,2022-10-31
00109060,EQ-AHU,2019-10-31
00109066,EQ-FUR,2019-04-08
00109067,SP-REF,2024-06-01
00109068,EQ-AHU,2019-09-05
00109074,EQ-HTP,2024-09-26
00109075,SP-FLT,2023-11-13
00109082,EQ-AHU,2022-06-26
00109088,EQ-AHU,2021-04-21
00109096,EQ-FUR,2019-09-03
00109103,EQ-CND,2019-08-20
00109104,EQ-AHU,2021-09-26
00109113,EQ-AHU,2023-04-28
00109116,PT-CAP,2024-07-28
00109120,EQUIP-OUT,2020-07-04
00109120,EQ-HTP,2022-01-13
00109125,EQ-AHU,2019-07-03
00109134,PT-ELEC,2019-10-06
00109134,PT-CON,2022-03-13
00109143,SP-FLT,2021-11-19
00109151,PT-MTR,2023-08-27
00109152,EQ-HTP,2023-08-05
00109157,PT-CON,2024-06-22
00109163,EQ-CND,2023-01-06
00109170,PT-MTR,2019-12-29
00109174,PT-ELEC,2020-02-19
00109174,PT-CON,2022-07-08
00109176,PT-CON,2023-04-14
00109185,SP-FLT,2020-03-08
00109193,PT-ELEC,2021-01-19
00109193,PT-CAP,2022-11-01
00109198,EQ-FUR,2020-07-25
00109204,EQ-FUR,2021-06-11
00109208,CT-SEN,2023-01-11
00109208,CT-SEN,2025-10-02
00109213,EQ-HTP,2022-08-19
00109214,SP-FLT,2022-09-13
00109214,EQ-CND,2023-03-22
00109214,SP-FLT,2023-04-17
00109218,SP-REF,2022-10-06
00109227,PT-MTR,2023-01-24
00109235,SP-LIN,2019-05-29
00109239,PT-MTR,2024-06-20
00109247,PT-CAP,2023-05-31
00109252,PT-CAP,2020-12-14
00109259,CT-TST,2021-10-18
00109265,CT-TST,2022-05-03
00109268,EQ-HTP,2019-11-28
00109277,PT-CMP,2022-09-22
00109280,PT-CMP,2022-06-12
00109285,SP-REF,2021-11-03
00109293,SP-REF,2024-02-28
00109294,SP-REF,2023-06-16
00109302,EQ-HTP,2022-05-23
00109303,PT-CAP,2022-08-19
00109308,EQ-HTP,2023-02-18
00109311,CT-TST,2023-05-31
00109314,PT-MTR,2022-01-17
00109314,EQ-CND,2022-05-31
00109314,PT-MTR,2022-07-17
00109316,PT-CMP,2019-02-05
00109318,PT-CMP,2020-01-24
00109321,PT-MTR,2021-12-21
00109325,SP-LIN,2024-09-04
00109331,EQ-AHU,2022-12-06
00109338,CT-SEN,2019-11-04
00109342,EQ-CND,2022-08-15
00109344,CT-SEN,2019-04-21
00109351,CT-SEN,2021-06-27
00109357,PT-MTR,2020-09-18
00109366,SP-REF,2023-09-07
00109370,PT-ELEC,2019-12-13
00109370,PT-CAP,2022-11-08
00109372,CT-SEN,2024-08-24
00109380,SP-REF,2022-08-25
00109381,PT-MTR,2020-07-20
00109383,PT-CMP,2019-09-06
00109384,EQ-CND,2023-10-14
00109384,EQ-CND,2026-07-06
00109389,EQ-CND,2024-03-08
00109393,PT-MTR,2024-04-01
00109401,SP-REF,2019-01-16
00109403,PT-ELEC,2021-04-11
00109403,PT-CON,2023-02-03
00109408,EQ-AHU,2020-01-09
00109408,EQ-HTP,2021-08-07
00109408,EQ-AHU,2021-09-15
00109416,SP-FLT,2021-09-23
00109417,CT-TST,2021-01-06
00109424,PT-CMP,2019-09-02
00109431,PT-CMP,2024-02-09
00109435,SP-REF,2021-01-03
00109437,EQ-HTP,2024-01-04
00109443,SP-FLT,2023-08-07
00109443,PT-CMP,2023-09-09
00109443,SP-FLT,2023-09-19
00109445,SP-FLT,2021-10-23
00109451,EQ-HTP,2024-04-09
00109453,SP-REF,2023-10-24
00109454,EQ-AHU,2021-01-20
00109461,EQ-AHU,2020-03-02
00109465,PT-MTR,2022-12-13
00109470,SP-REF,2022-07-31
00109470,SP-LIN,2023-06-23
00109470,SP-REF,2023-08-18
00109476,PT-CAP,2019-09-14
00109483,EQUIP-OUT,2021-03-20
00109483,EQ-CND,2022-01-11
00109483,EQ-HTP,2021-08-09
00109483,EQ-CND,2021-08-25
00109486,EQ-FUR,2022-06-03
00109492,PT-CMP,2023-11-22
00109496,SP-REF,2022-11-26
00109501,CT-TST,2022-06-03
00109506,EQ-CND,2023-05-29
00109508,SP-FLT,2024-07-27
00109508,SP-FLT,2026-12-24
00109513,EQ-FUR,2023-01-01
00109513,EQ-FUR,2025-01-29
00109521,PT-CMP,2019-02-03
00109526,SP-LIN,2021-12-04
00109534,PT-ELEC,2021-05-18
00109534,PT-CON,2022-02-13
00109539,EQ-CND,2023-08-23
00109547,PT-CMP,2021-07-21
00109556,SP-FLT,2021-06-14
00109564,EQ-AHU,2021-07-06
00109568,SP-LIN,2020-09-12
00109575,PT-MTR,2021-02-13
00109582,PT-CON,2022-06-26
00109582,PT-CON,2024-12-05
00109589,PT-CMP,2019-10-05
00109592,PT-CON,2024-02-10
00109601,EQUIP-OUT,2019-12-07
00109601,EQ-HTP,2022-12-31
00109606,EQ-FUR,2022-01-05
00109612,EQ-AHU,2023-04-05
00109619,EQ-HTP,2023-05-06
00109619,CT-TST,2023-07-22
00109619,EQ-HTP,2023-08-04
00109623,SP-LIN,2019-01-30
00109623,SP-LIN,2021-10-27
00109632,PT-CMP,2024-06-07
00109639,PT-CMP,2024-12-03
00109640,SP-REF,2019-11-29
00109645,EQ-CND,2024-01-05
00109653,SP-LIN,2020-11-10
00109655,EQ-AHU,2019-08-23
00109662,EQUIP-OUT,2020-10-30
00109662,EQ-CND,2023-01-16
00109670,SP-REF,2024-03-15
00109678,PT-ELEC,2019-01-27
00109678,PT-CAP,2022-03-12
00109679,SP-REF,2022-08-14
00109681,SP-REF,2023-06-14
00109688,SP-REF,2020-09-11
00109693,PT-ELEC,2019-02-18
00109693,PT-CON,2022-10-30
00109694,PT-CON,2022-06-08
00109695,PT-CAP,2022-04-16
00109701,PT-MTR,2021-05-02
00109706,SP-FLT,2019-05-11
00109708,EQ-HTP,2024-06-22
00109716,EQ-HTP,2024-08-02
00109724,EQUIP-OUT,2019-08-07
00109724,EQ-HTP,2022-09-25
00109733,EQUIP-OUT,2021-07-28
00109733,EQ-HTP,2022-04-12
00109734,CT-TST,2023-03-08
00109738,CT-TST,2019-08-01
00109743,CT-TST,2020-11-04
00109744,SP-REF,2023-10-20
00109750,EQ-HTP,2024-05-03
00109756,EQ-CND,2022-03-14
00109762,PT-ELEC,2021-06-06
00109762,PT-CON,2022-08-12
00109769,CT-SEN,2023-01-16
00109771,EQ-AHU,2020-03-01
00109778,CT-SEN,2022-10-20
00109781,CT-TST,2020-03-10
00109787,CT-SEN,2023-04-08
00109794,EQ-AHU,2023-04-03
00109799,PT-CON,2022-12-06
00109805,EQ-CND,2023-11-25
00109810,SP-FLT,2022-04-05
00109819,EQ-FUR,2023-06-07
00109820,PT-MTR,2022-08-17
00109821,PT-CAP,2020-03-02
00109823,EQ-CND,2023-07-02
00109831,CT-SEN,2023-07-13
00109834,SP-LIN,2023-10-31
00109839,SP-FLT,2022-10-03
00109840,SP-LIN,2024-09-29
00109848,SP-LIN,2025-08-15
00109848,SP-REF,2026-10-12
00109848,SP-LIN,2026-11-15
00109854,CT-TST,2019-05-09
00109857,SP-FLT,2019-07-12
00109861,CT-SEN,2021-03-14
00109861,EQ-FUR,2021-09-24
00109861,CT-SEN,2021-10-31
00109864,EQ-AHU,2019-05-22
00109865,EQ-AHU,2023-11-18
00109870,SP-LIN,2020-05-13
00109873,SP-LIN,2021-06-13
00109875,EQUIP-OUT,2021-07-12
00109875,EQ-HTP,2022-01-05
00109876,PT-ELEC,2021-03-24
00109876,PT-CON,2022-11-01
00109878,PT-CAP,2019-02-04
00109880,PT-CAP,2020-09-27
00109889,EQUIP-OUT,2020-12-12
00109889,EQ-CND,2023-02-10
00109894,EQ-HTP,2021-09-01
00109898,CT-TST,2022-05-07
00109903,CT-SEN,2024-04-25
00109905,EQUIP-OUT,2021-03-16
00109905,EQ-CND,2023-01-20
00109912,PT-CMP,2024-03-20
00109919,SP-LIN,2022-05-15
00109927,PT-CMP,2024-03-23
00109936,PT-MTR,2022-09-09
00109943,EQ-CND,2024-08-31
00109948,PT-ELEC,2021-06-02
00109948,PT-CON,2022-08-20
00109949,PT-CON,2021-09-14
00109955,PT-CMP,2021-05-17
00109961,EQ-FUR,2023-12-16
00109969,EQ-AHU,2020-08-25
00109978,PT-CAP,2022-04-05
00109982,PT-MTR,2020-01-04
00109983,CT-SEN,2021-05-22
00109989,PT-CAP,2024-05-28
00109990,EQ-HTP,2022-05-11
00109993,EQ-AHU,2022-12-30
00110002,PT-CON,2022-03-23
00110004,PT-CON,2022-07-22
00110011,PT-CAP,2022-08-06
00110014,EQ-CND,2022-08-31
00110014,EQ-CND,2024-08-08
00110019,CT-TST,2023-06-10
00110023,PT-CMP,2019-11-09
00110024,SP-LIN,2019-04-20
00110027,CT-SEN,2022-07-14
00110030,PT-ELEC,2020-09-09
00110030,PT-CON,2022-11-08
00110036,EQ-HTP,2022-10-12
00110041,SP-REF,2021-08-16
00110048,EQ-FUR,2023-04-08
00110053,PT-CAP,2022-06-12
00110060,CT-TST,2022-08-06
00110060,EQ-AHU,2024-01-12
00110060,CT-TST,2024-02-25
00110066,EQ-HTP,2022-10-20
00110067,PT-CMP,2023-03-14
00110075,PT-CMP,2019-12-27
00110080,SP-FLT,2024-03-27
00110088,CT-TST,2020-05-01
00110096,EQ-AHU,2022-07-07
00110100,EQUIP-OUT,2021-11-22
00110100,EQ-HTP,2022-08-28
00110105,SP-FLT,2021-12-16
00110107,EQ-AHU,2021-02-13
00110115,SP-FLT,2020-06-19
00110124,PT-CAP,2021-07-04
00110130,SP-FLT,2023-10-23
00110132,SP-REF,2022-10-11
00110141,PT-CMP,2020-02-24
00110144,PT-CAP,2022-06-19
00110150,EQ-FUR,2024-02-26
00110159,EQ-FUR,2024-04-27
00110165,SP-REF,2022-10-17
00110168,PT-CMP,2023-04-17
00110168,EQ-CND,2024-05-20
00110168,PT-CMP,2024-06-27
00110168,PT-CMP,2025-04-29
00110172,CT-SEN,2024-06-14
00110179,EQ-AHU,2024-01-28
00110181,CT-SEN,2019-11-20
00110190,CT-TST,2022-04-02
00110199,CT-TST,2019-11-12
00110208,PT-CAP,2023-06-26
00110209,EQUIP-OUT,2021-09-19
00110209,EQ-HTP,2022-08-25
00110215,PT-ELEC,2021-07-18
00110215,PT-CAP,2022-11-12
00110216,EQ-CND,2022-05-24
00110220,CT-SEN,2023-10-23
00110221,EQ-FUR,2023-09-11
00110223,EQUIP-OUT,2021-11-22
00110223,EQ-CND,2023-02-02
00110228,EQ-CND,2020-06-08
00110230,EQ-FUR,2024-04-10
00110231,SP-LIN,2022-09-09
00110231,SP-LIN,2025-10-14
00110236,SP-FLT,2023-06-04
00110243,EQ-CND,2024-02-11
00110250,EQ-AHU,2021-04-26
00110259,CT-TST,2019-07-24
00110261,EQ-FUR,2021-06-13
00110265,EQUIP-OUT,2020-06-15
00110265,EQ-HTP,2022-06-30
00110271,EQ-AHU,2021-01-19
00110277,PT-ELEC,2019-05-19
00110277,PT-CON,2023-01-07
00110282,CT-TST,2021-09-10
00110288,SP-REF,2024-01-11
00110288,CT-SEN,2025-08-01
00110288,SP-REF,2025-09-27
00110292,SP-LIN,2022-12-25
00110301,SP-REF,2019-12-25
00110306,EQ-FUR,2022-07-12
00110314,CT-SEN,2022-01-05
00110317,CT-TST,2022-02-19
00110323,SP-FLT,2021-05-14
00110328,EQUIP-OUT,2020-05-20
00110328,EQ-HTP,2023-02-20
00110334,CT-SEN,2020-06-26
00110339,EQ-AHU,2023-10-12
00110344,EQ-HTP,2022-08-20
00110344,EQ-FUR,2022-10-13
00110344,EQ-HTP,2022-11-01
00110351,PT-CAP,2020-11-05
00110352,CT-TST,2023-10-24
00110353,SP-REF,2019-05-05
00110355,EQ-HTP,2021-12-12
00110363,EQ-HTP,2022-07-06
00110366,PT-CAP,2021-12-30
00110367,CT-TST,2021-05-22
00110374,EQ-FUR,2020-07-09
00110383,EQUIP-OUT,2019-03-27
00110383,EQ-HTP,2022-06-30
00110384,SP-FLT,2019-01-29
00110393,CT-TST,2019-11-12
00110395,EQ-HTP,2023-11-05
00110396,PT-ELEC,2021-10-10
00110396,PT-CAP,2022-02-20
00110404,PT-ELEC,2021-12-24
00110404,PT-CAP,2022-08-26
00110404,CT-TST,2022-07-02
00110404,PT-CAP,2022-07-09
00110412,EQ-AHU,2022-11-18
00110420,EQ-FUR,2021-08-05
00110422,CT-SEN,2021-09-24
00110423,EQ-HTP,2023-01-29
00110427,EQ-HTP,2023-08-05
00110427,CT-TST,2023-09-24
00110427,EQ-HTP,2023-11-21
00110432,CT-SEN,2023-11-01
00110435,PT-CAP,2020-09-06
00110437,PT-CAP,2021-04-23
00110445,CT-TST,2021-03-06
00110447,EQ-AHU,2022-10-23
00110447,SP-LIN,2023-07-29
00110447,EQ-AHU,2023-09-25
00110454,PT-MTR,2024-05-09
00110456,PT-MTR,2022-12-04
00110463,EQ-AHU,2021-06-22
00110471,PT-CON,2022-05-27
00110478,SP-FLT,2022-10-16
00110487,EQ-AHU,2021-04-06
00110487,EQ-HTP,2022-03-02
00110487,EQ-AHU,2022-03-08
00110492,CT-TST,2022-01-01
00110499,EQUIP-OUT,2021-12-02
00110499,EQ-HTP,2022-03-12
00110508,EQ-AHU,2022-11-28
00110508,SP-FLT,2023-12-21
00110508,EQ-AHU,2024-01-20
00110510,CT-SEN,2023-07-31
00110518,PT-CMP,2020-07-03
00110521,PT-CMP,2020-09-12
00110521,SP-FLT,2020-11-21
00110521,PT-CMP,2020-12-06
00110529,SP-REF,2020-11-30
00110532,SP-FLT,2019-04-27
00110534,PT-MTR,2019-02-14
00110543,PT-CMP,2019-11-09
00110551,PT-MTR,2021-10-06
00110556,SP-LIN,2024-07-29
00110561,PT-CAP,2022-03-28
00110564,PT-CAP,2022-04-28
00110570,PT-CAP,2023-01-17
00110578,SP-LIN,2022-02-15
00110587,SP-LIN,2022-05-21
00110594,PT-CON,2023-11-26
00110598,SP-REF,2019-06-30
00110606,PT-MTR,2021-12-31
00110611,PT-CMP,2021-09-27
00110611,PT-CMP,2023-09-15
00110616,PT-CMP,2021-09-04
00110620,SP-REF,2019-12-26
00110628,EQ-HTP,2022-11-01
00110636,PT-MTR,2024-05-07
00110637,PT-MTR,2024-10-23
00110642,EQ-AHU,2020-02-02
00110650,EQ-FUR,2021-05-12
00110653,EQUIP-OUT,2021-10-11
00110653,EQ-CND,2023-01-14
00110660,EQUIP-OUT,2021-08-15
00110660,EQ-CND,2022-05-11
00110668,PT-CAP,2022-07-15
00110672,CT-SEN,2020-11-26
00110679,CT-TST,2023-05-16
00110681,PT-CMP,2022-06-16
00110684,PT-MTR,2021-07-18
00110687,PT-ELEC,2020-01-12
00110687,PT-CAP,2023-04-24
00110694,EQ-CND,2023-05-19
00110703,SP-REF,2019-11-08
00110704,EQ-AHU,2021-09-15
00110706,PT-CMP,2020-12-04
00110707,CT-SEN,2020-08-22
00110716,PT-CON,2024-06-18
00110721,EQ-AHU,2024-02-07
00110721,PT-CON,2024-05-21
00110721,EQ-AHU,2024-07-08
00110728,CT-TST,2023-04-03
00110732,EQ-HTP,2023-04-12
00110736,EQ-CND,2024-02-11
00110740,PT-MTR,2019-01-07
00110744,SP-FLT,2023-06-22
00110744,PT-MTR,2024-11-16
00110744,SP-FLT,2024-12-29
00110752,PT-CMP,2024-03-08
00110760,PT-CON,2022-10-11
00110764,PT-CON,2020-05-12
00110772,EQUIP-OUT,2020-05-02
00110772,EQ-CND,2022-12-22
00110777,SP-FLT,2019-01-20
00110781,EQUIP-OUT,2019-11-11
00110781,EQ-CND,2022-12-19
00110784,EQUIP-OUT,2020-05-02
00110784,EQ-HTP,2023-01-16
00110790,SP-REF,2021-10-07
00110794,PT-CON,2023-05-27
00110799,EQ-FUR,2023-08-28
00110801,SP-REF,2020-01-15
00110808,PT-CMP,2023-02-04
00110816,PT-ELEC,2021-01-01
00110816,PT-CAP,2023-03-14
00110819,SP-LIN,2019-10-29
00110824,SP-LIN,2020-06-12
00110829,PT-CMP,2020-01-14
00110833,SP-REF,2019-10-18
00110841,EQ-AHU,2019-01-25
00110848,SP-LIN,2021-03-27
00110848,SP-LIN,2023-07-25
00110857,EQUIP-OUT,2020-08-30
00110857,EQ-HTP,2022-06-04
00110866,PT-CON,2023-04-08
00110875,CT-TST,2021-10-28
00110878,PT-CON,2020-10-26
00110886,PT-ELEC,2021-09-02
00110886,PT-CON,2022-08-21
00110886,EQ-AHU,2023-02-02
00110886,PT-CON,2023-02-26
00110895,SP-LIN,2023-12-02
00110898,SP-FLT,2022-09-25
00110900,CT-TST,2023-07-17
00110904,SP-LIN,2024-06-11
00110912,EQUIP-OUT,2021-02-27
00110912,EQ-HTP,2022-12-17
00110920,CT-SEN,2023-10-14
00110923,CT-SEN,2023-12-01
00110924,PT-MTR,2021-05-12
00110924,SP-LIN,2022-03-20
00110924,PT-MTR,2022-04-14
00110924,PT-MTR,2024-05-23
00110931,CT-TST,2020-05-10
00110939,CT-SEN,2022-08-26
00110945,EQ-CND,2024-03-11
00110951,PT-CMP,2019-10-05
00110951,PT-CMP,2022-05-12
00110959,CT-SEN,2021-10-01
00110968,PT-ELEC,2020-11-06
00110968,PT-CAP,2022-06-10
00110974,PT-CMP,2024-02-29
00110974,SP-LIN,2024-10-09
00110974,PT-CMP,2024-10-24
00110975,SP-LIN,2019-10-08
00110975,PT-CMP,2020-10-14
00110975,SP-LIN,2020-10-19
00110975,SP-LIN,2022-03-07
00110979,SP-REF,2019-08-08
00110988,EQ-FUR,2021-11-29
00110989,EQ-CND,2024-06-25
00110997,EQUIP-OUT,2020-09-24
00110997,EQ-CND,2022-09-22
00110999,CT-SEN,2023-02-28
00110999,EQ-FUR,2023-10-03
00110999,CT-SEN,2023-11-22
00111008,CT-TST,2019-12-11
00111015,SP-REF,2023-01-07
00111017,PT-ELEC,2019-12-02
00111017,PT-CAP,2023-04-01
00111021,EQ-HTP,2023-02-06
00111026,PT-CAP,2022-01-01
00111034,PT-CAP,2022-01-09
00111041,EQ-HTP,2023-05-20
00111050,PT-ELEC,2020-03-22
00111050,PT-CON,2022-04-19
00111054,SP-REF,2021-04-09
00111056,EQUIP-OUT,2019-05-19
00111056,EQ-HTP,2023-01-21
00111059,SP-LIN,2021-02-19
00111067,PT-CMP,2024-01-25
00111069,EQ-AHU,2023-04-07
00111077,EQ-FUR,2019-11-07
00111079,CT-SEN,2019-12-12
00111079,PT-MTR,2020-06-27
00111079,CT-SEN,2020-08-14
00111083,SP-FLT,2020-06-01
00111084,SP-REF,2023-03-30
00111088,SP-REF,2019-12-07
00111088,SP-REF,2022-01-06
00111092,EQ-AHU,2023-10-26
00111099,EQ-AHU,2024-09-19
00111100,EQ-CND,2021-08-27
00111108,PT-MTR,2021-01-18
00111117,PT-CMP,2021-06-23
00111119,PT-MTR,2023-03-04
00111124,PT-CON,2023-07-24
00111130,PT-MTR,2024-02-25
00111131,SP-FLT,2022-06-08
00111140,EQ-FUR,2021-09-27
00111147,EQ-FUR,2023-03-20
00111152,EQ-FUR,2022-06-02
00111161,EQ-FUR,2022-05-21
00111169,EQ-AHU,2019-07-27
00111177,PT-MTR,2023-05-10
00111180,PT-MTR,2020-04-25
00111184,SP-LIN,2020-07-21
00111193,SP-LIN,2021-04-06
00111196,SP-REF,2021-03-07
00111200,CT-SEN,2023-03-01
00111200,CT-TST,2023-07-04
00111200,CT-SEN,2023-08-11
00111208,CT-TST,2019-06-15
00111214,EQ-AHU,2020-10-20
00111215,EQUIP-OUT,2020-05-04
00111215,EQ-CND,2023-02-24
00111217,EQ-FUR,2024-09-26
00111225,PT-CMP,2023-06-29
00111230,PT-CMP,2023-02-15
00111232,CT-TST,2024-06-02
00111237,PT-ELEC,2019-07-27
00111237,PT-CON,2022-09-04
00111238,PT-ELEC,2020-07-05
00111238,PT-CAP,2023-05-10
00111246,PT-ELEC,2020-06-12
00111246,PT-CON,2023-02-06
00111251,SP-FLT,2020-08-21
00111256,SP-FLT,2021-09-22
00111260,EQ-AHU,2021-07-04
00111261,PT-ELEC,2020-01-27
00111261,PT-CON,2022-10-10
00111263,CT-SEN,2022-07-13
00111267,EQUIP-OUT,2019-06-04
00111267,EQ-HTP,2022-11-18
00111275,SP-FLT,2020-07-21
00111277,PT-ELEC,2020-03-13
00111277,PT-CAP,2022-08-23
00111279,EQ-FUR,2024-05-04
00111280,CT-SEN,2020-05-06
00111280,CT-SEN,2022-10-02
