brand_alias,brand_name
ARCTICLINE,Arcticline
Arctic Line,Arcticline
Arcticline,Arcticline
Arcticline Mfg,Arcticline
N/W Comfort,Northwind Comfort
NORTHWIND,Northwind Comfort
NORTHWIND COMFORT,Northwind Comfort
Northwind Comfort,Northwind Comfort
Northwind Comfort Inc,Northwind Comfort
HELIOTEMP,Heliotemp
Helio-Temp,Heliotemp
Heliotemp,Heliotemp
Heliotemp Corp,Heliotemp
CORVANE,Corvane
Corvane,Corvane
Corvane Controls,Corvane
Corvane Inc.,Corvane
BLUEPEAK,Bluepeak
Blue Peak,Bluepeak
BluePeak HVAC,Bluepeak
Bluepeak,Bluepeak
RIDGEWAY,Ridgeway Air
RIDGEWAY AIR,Ridgeway Air
Ridgeway,Ridgeway Air
Ridgeway Air,Ridgeway Air
Ridgeway Air Prod,Ridgeway Air
THERMAXIS,Thermaxis
Therm-Axis,Thermaxis
Thermaxis,Thermaxis
Thermaxis LLC,Thermaxis
